FofurasdaLu,2017-08-30 18:14:11,Falando em jornalismo de primeira o @grandepremio √© mestre !! Meu #Faust√£o da @RedeGlobo sei que gosta de competi√ßoes a motor fica a dica üòç
nelson_1jr,2017-08-30 16:34:47,@luscas @_Ioen ela ainda pode ser dan√ßarina do #Faustao !!
nelson_1jr,2017-08-30 16:32:52,j√° sabe...se nada der certo...ainda pode ser dan√ßarina do #Faustao ! https://t.co/8CONZF7N9u
luiz_kbcao,2017-08-30 16:28:09,H√° 19 anos Sheila Mello ganhava o concurso da Nova Loira e do Tchan #Faustao #EOTchan #Concurso https://t.co/OI4OSCQFTZ
danieldaweb,2017-08-30 15:28:52,Opa! SEMANA QUE VEM √© Dia De Ir Na #RedeGlobo üé¨üé• Que D√™ Tudo Certo. #ConversaComBial #Faust√£o ‚Äî se sentindo confiante
rosanecorrea,2017-08-30 14:59:07,@EncontroFatima @fbbreal pr√≥xima edi√ß√£o da #DancaDosFamosos tem quer ter F√°tima @RedeGlobo alo #Faust√£o o louco o meu
keilaSoares37,2017-08-30 13:36:20,@marixareal #Faust√£o vc tem que tirar essa jurada . Muito invejosa.  ! Pessoa mesquinha.  Minha linda @marixareal v‚Ä¶ https://t.co/M46keuO8SN
perllareal,2017-08-30 01:58:24,RT @janymagoo: Voc√™ lacrou no #Faust√£o! https://t.co/JAPhBbdEE7
janymagoo,2017-08-30 01:46:43,Voc√™ lacrou no #Faust√£o! https://t.co/JAPhBbdEE7
eltonmaxx,2017-08-30 00:46:53,Carol Duarte o pr√™mio de atriz revela√ß√£o  no #MelhoresDoAno no #Faustao j√° √© seu. #AForcadoQuerer
timbetanio01,2017-08-29 22:36:52,RT @Nilsonaljr: Sou o √∫nico que n√£o consegue rir com as piadas do #faust√£o?
Cultura95,2017-08-29 18:43:02,‚úî#Bamdamel ‚òÜno #DingDong do #Doming√£odoFaust√£o ‚û∏ https://t.co/EdYpZwVkpH #BamdamelNoFaust√£o ‚û∏‚Ä¶ https://t.co/SEuYND4J1Q
FabioNagata,2017-08-29 18:40:05,‚úî#Bamdamel ‚òÜno #DingDong do #Doming√£odoFaust√£o ‚û∏ https://t.co/QXfdY6a07J #BamdamelNoFaust√£o ‚û∏ https://t.co/7flVYnWIm7 #Faust√£o #BandaMel S2
Cultura95,2017-08-29 14:35:44,"‚úî #Perlla @perllareal ‚òÖno #DingDong do #Doming√£odoFaust√£o https://t.co/tThDbijnFN üé§ #RAINHA ‚òõ 
#TremendoVacil√£o S2‚Ä¶ https://t.co/5hu89wzbMB"
FabioNagata,2017-08-29 14:15:48,"‚úî #Perlla @perllareal ‚òÖno #DingDong do #Doming√£odoFaust√£o https://t.co/IANPTq8AL5 üé§ #RAINHA ‚òõ 
#TremendoVacil√£o S2 #PerllaNoFaust√£o #Faust√£o"
Hialley,2017-08-29 02:35:33,"RT @ABelChicao: T√° pior q #Faustao
Afinal qnd esse lixo vai acabar!? https://t.co/JTry82qN8h"
ABelChicao,2017-08-29 02:30:44,"T√° pior q #Faustao
Afinal qnd esse lixo vai acabar!? https://t.co/JTry82qN8h"
TodaTV,2017-08-28 16:44:44,"SP 27/08/17: TOP 5 - GLOBO

1¬∫ Palmeiras x S√£o Paulo 25,7
2¬∫ #Fant√°stico 23,5
3¬∫ #Faust√£o 21,7
4¬∫ #TemperaturaM√°xima 13,9
5¬∫ #Popstar 13,1"
interativa_tv,2017-08-28 15:26:16,"Globo SP (27/08)
#PopStar 13.1
#TemperaturaMaxima 13.9
#Futebol 25.7
#Faust√£o 21.7
#Fant√°stico 23.5
#DomingoMaior 11.4"
nikolass_myguel,2017-08-28 15:13:08,"Globo SP (27/08)
#PopStar 13.1
#TemperaturaMaxima 13.9
#Futebol 25.7
#Faust√£o 21.7
#Fant√°stico 23.5
#DomingoMaior 11.4"
FabioNagata,2017-08-28 13:28:26,"‚úî #Perlla @perllareal ‚òÖno #DingDong do #Doming√£odoFaust√£o https://t.co/5nM93teRIz üé§ #RAINHA ‚òõ 
#TremendoVacil√£o S2 #PerllaNoFaust√£o #Faust√£o"
eijoao,2017-08-28 11:21:46,"RT @isaac_lima: Pelo amor de Deus, algu√©m tirou uma foto o tirou um print do tel√£o do bund√£o, digo do #Faustao?? #Dan√ßaDosFamosos"
oficial_delmar,2017-08-28 05:44:49,RT @GabiAlves2013: O que foi isso no tel√£o? Uma bunda? #Faustao #DancaDosFamosos https://t.co/SjFfJJ9Imh
GabiAlves2013,2017-08-28 03:51:30,O que foi isso no tel√£o? Uma bunda? #Faustao #DancaDosFamosos https://t.co/SjFfJJ9Imh
ThainaMilena,2017-08-28 02:15:52,"RT @bonitindemais: NA MADRUGADA ABANDONADAA, MINHA PERLA TA VIVAAAAA #DingDong #Faustao https://t.co/kvHyAuxRC7"
Bel_Marra,2017-08-28 02:08:48,"Discordar da nota eu entendo e muito, mas desrespeitar... bom senso √© bom e  deve ser usado SEMPRE! #DancaDosFamosos #Faustao"
terrencelovesuu,2017-08-28 01:53:44,"RT @bonitindemais: NA MADRUGADA ABANDONADAA, MINHA PERLA TA VIVAAAAA #DingDong #Faustao https://t.co/kvHyAuxRC7"
CrazyForLexa,2017-08-28 01:52:08,"RT @bonitindemais: NA MADRUGADA ABANDONADAA, MINHA PERLA TA VIVAAAAA #DingDong #Faustao https://t.co/kvHyAuxRC7"
drewristrust,2017-08-28 01:21:13,n√£o julgando as meninas do 5H mas acho que com essa shade elas meio q tiraram a aten√ß√£o da performance delas em si sabe? seila #Faustao
eleanorrds,2017-08-28 01:11:26,Ainda t√¥ abismada com o 5h #Faustao
heldylene,2017-08-28 01:08:04,"RT @bonitindemais: NA MADRUGADA ABANDONADAA, MINHA PERLA TA VIVAAAAA #DingDong #Faustao https://t.co/kvHyAuxRC7"
rhyszand,2017-08-28 01:06:54,agora tem a finale de GoT #Faustao https://t.co/kBoNKgo4In
gaaabz_r,2017-08-28 01:06:36,"RT @bonitindemais: NA MADRUGADA ABANDONADAA, MINHA PERLA TA VIVAAAAA #DingDong #Faustao https://t.co/kvHyAuxRC7"
erikagsiqueira,2017-08-28 01:04:46,#GoTS7 #Faustao #GamesOfThrones come√ßa logo disgra√ßaaaa https://t.co/DfD8EVjNs8
inesmnds_,2017-08-28 00:58:18,"gente, q bunda foi aquela q apareceu no faust√£o? kjjj estagi√°rio sendo demitido em 3... 2... 1... #Faustao"
nandagatto,2017-08-28 00:46:57,Hipocrisia se v√™ por l√° #DancingBrasil dandod mil na #Dan√ßaDosFamosos #CarolinaKasting coer√™ncia zero! 10 s√≥ pras m‚Ä¶ https://t.co/EGkQdwQyn1
skull_lucas1,2017-08-28 00:46:45,"RT @bonitindemais: NA MADRUGADA ABANDONADAA, MINHA PERLA TA VIVAAAAA #DingDong #Faustao https://t.co/kvHyAuxRC7"
Bel_Marra,2017-08-28 00:41:18,"@KastingCarolina @marixareal Seria √≥timo se fosse pra boletim escolar, mas no caso da #DancaDosFamosos pode prejudi‚Ä¶ https://t.co/CdEMAESA9v"
Vinilimaas,2017-08-28 00:39:56,"RT @bonitindemais: NA MADRUGADA ABANDONADAA, MINHA PERLA TA VIVAAAAA #DingDong #Faustao https://t.co/kvHyAuxRC7"
9108a71c891240e,2017-08-28 00:26:00,RT @moraisfrancisco: Voc√™ √© nota 10 @marixareal #DancaDosFamosos #Faustao
LeoGiramundo,2017-08-28 00:22:57,RT @moraisfrancisco: Voc√™ √© nota 10 @marixareal #DancaDosFamosos #Faustao
eliasrocha23,2017-08-28 00:22:54,RT @moraisfrancisco: Voc√™ √© nota 10 @marixareal #DancaDosFamosos #Faustao
moraisfrancisco,2017-08-28 00:22:21,Voc√™ √© nota 10 @marixareal #DancaDosFamosos #Faustao
Lucccase,2017-08-28 00:18:46,"RT @bonitindemais: NA MADRUGADA ABANDONADAA, MINHA PERLA TA VIVAAAAA #DingDong #Faustao https://t.co/kvHyAuxRC7"
alligatortearsq,2017-08-28 00:18:33,"RT @nxcolasc: Zizi Possi, conhecida como dona do Brasil. #dingdong #faust√£o"
sensuallysei,2017-08-28 00:13:31,"RT @bonitindemais: NA MADRUGADA ABANDONADAA, MINHA PERLA TA VIVAAAAA #DingDong #Faustao https://t.co/kvHyAuxRC7"
marlona34,2017-08-28 00:10:13,RT @moraisfrancisco: #DancaDosFamosos  que @KastingCarolina n√£o retorne mais ao programa do #Faustao. Lament√°vel atribuir injustamente uma‚Ä¶
moraisfrancisco,2017-08-28 00:07:40,#DancaDosFamosos  que @KastingCarolina n√£o retorne mais ao programa do #Faustao. Lament√°vel atribuir injustamente uma nota 9 a #MARIANA
SophiaBarroso,2017-08-28 00:04:52,RT @QGAmandaD: #Faust√£o disfar√ßou mais a internet n√£o perdoa √© j√° tiraram print üòÇüòÇ https://t.co/aT8EW7n5m2
marlona34,2017-08-28 00:04:26,"RT @Bel_Marra: Zizi Possi √© t√£o lady, t√£o fofa, t√£o discreta. Que luxo ouvi-la no #Faustao A voz dela arrepia de t√£o linda! #DingDong #Danc‚Ä¶"
QGAmandaD,2017-08-28 00:03:36,#Faust√£o disfar√ßou mais a internet n√£o perdoa √© j√° tiraram print üòÇüòÇ https://t.co/aT8EW7n5m2
marlona34,2017-08-28 00:03:20,"RT @nxcolasc: Zizi Possi, conhecida como dona do Brasil. #dingdong #faust√£o"
asongforthedead,2017-08-28 00:02:27,RT @WellingtonCsil7: S√≥ eu vi a bunda no programa do #Faustao #DomingaoDoFaustao https://t.co/KErBmLX8ti
asongforthedead,2017-08-28 00:02:05,"RT @RodrigoVilaNov1: Uma bunda no tel√£o do Faust√£o??? 

#dancadosfamosos2017 #Faustao #DomingaoDoFaustao https://t.co/933WGFn0kV"
SunshineMalois,2017-08-28 00:01:08,RT @WellingtonCsil7: S√≥ eu vi a bunda no programa do #Faustao #DomingaoDoFaustao https://t.co/KErBmLX8ti
RodrigoVilaNov1,2017-08-28 00:00:52,"Uma bunda no tel√£o do Faust√£o??? 

#dancadosfamosos2017 #Faustao #DomingaoDoFaustao https://t.co/933WGFn0kV"
Henry180874,2017-08-28 00:00:51,#faustao aposenta vc chato demais vaza.
avafortuna,2017-08-28 00:00:39,RT @guhgc: At√© eu fiquei boquiaberto com a carolina kasting dando 9 #faustao #DancaDosFamosos #domingaodofaustao
LigiasniL,2017-08-27 23:59:23,#Faust√£o e seu machismo insuport√°vel... Falta de namorado o escambal... #Doming√£oDoFaust√£o
julinhoteles56,2017-08-27 23:59:05,Faust√£o hoje hein se superou. A Kasting momento Seicho No Ie UM JEITO FELIZ DE VIVER e momento Sexy Hot com a bunda‚Ä¶ https://t.co/Gh5a709etf
QGAmandaD,2017-08-27 23:59:03,RT @WellingtonCsil7: S√≥ eu vi a bunda no programa do #Faustao #DomingaoDoFaustao https://t.co/KErBmLX8ti
FaguinhoFarias,2017-08-27 23:58:29,"S√≥ que rir das palha√ßadas de Faust√£o: bailarinas, porque s√£o pagas. #Faustao #escroto"
gabrieltd_,2017-08-27 23:57:46,Volta Fernanda Chama #Faustao
2j_jp,2017-08-27 23:56:33,RT @WellingtonCsil7: S√≥ eu vi a bunda no programa do #Faustao #DomingaoDoFaustao https://t.co/KErBmLX8ti
PeJota_PJ,2017-08-27 23:56:30,"#videocassetadas  j√° foram bem melhores, hj em dia tudo sem gra√ßa.
Kd as ksetadas d vdd?
Ta osso hein, quadro sem gra√ßa.
#Faustao 
#Faust√£o"
WellingtonCsil7,2017-08-27 23:55:20,S√≥ eu vi a bunda no programa do #Faustao #DomingaoDoFaustao https://t.co/KErBmLX8ti
EvelynChrystien,2017-08-27 23:54:20,RT @adelaidegentil: Aquele cent√©simo de segundo que voc√™ v√™ uma bunda no tel√£o do #Faust√£o üçë #dan√ßadosfamosos https://t.co/G2yX3GNJT8
gabrieltd_,2017-08-27 23:54:17,Kasting voc√™ vai ser odiada at√© sua morte #Faustao
_greatgab,2017-08-27 23:54:12,"N√£o era bumbum, por√©m agradecemos ao sr. #Faustao por animar nosso domingo com algumas pol√™micas. #pas https://t.co/d08sCl4K2c"
isaac_lima,2017-08-27 23:53:52,Sua nota √©... O cofrinho do #Faust√£o Hahahahaha #DancaDosFamosos https://t.co/P50dUUNwMF
antunesaranda,2017-08-27 23:53:29,Exageraram na hashtag ali. #Faust√£o
vinnysouzar,2017-08-27 23:53:21,Minha mente polu√≠da viu uma bunda... seios... sei l√° üòÇüòÇüòÇ #Dan√ßaDosFamosos #Faust√£o https://t.co/Hd9v8sC2U7
deehveronez,2017-08-27 23:53:16,"RT @Thiyss: #Faust√£o
N√£o era uma bunda, um pa√≠s inteiro tombado pelo tio Faust√£o"
Fabriciogomws,2017-08-27 23:53:13,RT @RaphaelaRocha: A verdadeira identidade da bunda no tel√£o do #Faust√£o foi revelado. Na verdade era uma perna kkkkk #DancaDosFamosos
Fabriciogomws,2017-08-27 23:53:09,RT @QGAmandaD: A bunda no tel√£o era do v√≠deo cassetada üòÇ #Faust√£o #dancadosfamosos
gustabr_,2017-08-27 23:52:40,Todo domingo √© uma torta de clim√£o diferente no #Faust√£o
Fabriciogomws,2017-08-27 23:52:34,"RT @isaac_lima: Pelo amor de Deus, algu√©m tirou uma foto o tirou um print do tel√£o do bund√£o, digo do #Faustao?? #Dan√ßaDosFamosos"
vinnysouzar,2017-08-27 23:52:24,@RuanMuller Minha mente polu√≠da viu uma bunda... seios.. sei l√° üòÇüòÇüòÇ #Dan√ßaDosFamosos #Faust√£o https://t.co/cOVYPeWO72
joaoglory,2017-08-27 23:52:06,RT @OVizzotto: QUE ABUND√ÇNCIA #DancaDosFamosos #Faustao https://t.co/4dmcwFaEUS
Nilsonaljr,2017-08-27 23:51:59,Sou o √∫nico que n√£o consegue rir com as piadas do #faust√£o?
YuriOliveiraPqd,2017-08-27 23:51:47,"agr to em casa deitado, vendo #Faust√£o"
OVizzotto,2017-08-27 23:51:12,QUE ABUND√ÇNCIA #DancaDosFamosos #Faustao https://t.co/4dmcwFaEUS
beanstre,2017-08-27 23:50:37,"RT @danyllo_franco: Explicaram a suposta ""bunda"" no tel√£o do #Faust√£o #FomosTrolados"
vinnysouzar,2017-08-27 23:50:17,"Seios ou uma bunda no tel√£o do Faust√£o? #DancaDosFamosos #Faust√£o 

Morrendo de rir... s√≥ eu vi ???"
AnaCaro04755381,2017-08-27 23:50:04,"RT @bonitindemais: NA MADRUGADA ABANDONADAA, MINHA PERLA TA VIVAAAAA #DingDong #Faustao https://t.co/kvHyAuxRC7"
escravade5fando,2017-08-27 23:49:50,RT @adelaidegentil: Aquele cent√©simo de segundo que voc√™ v√™ uma bunda no tel√£o do #Faust√£o üçë #dan√ßadosfamosos https://t.co/G2yX3GNJT8
YanOlliveira,2017-08-27 23:49:36,RT @pedroseravat: Top 2 √© da Malha√ß√£o Sonhos... #dan√ßadosfamosos #faust√£o https://t.co/3dYvClKxrq
isaac_lima,2017-08-27 23:49:23,"Pelo amor de Deus, algu√©m tirou uma foto o tirou um print do tel√£o do bund√£o, digo do #Faustao?? #Dan√ßaDosFamosos"
QGAmandaD,2017-08-27 23:49:17,A bunda no tel√£o era do v√≠deo cassetada üòÇ #Faust√£o #dancadosfamosos
RaphaelaRocha,2017-08-27 23:49:16,A verdadeira identidade da bunda no tel√£o do #Faust√£o foi revelado. Na verdade era uma perna kkkkk #DancaDosFamosos
avelinoMARCILIO,2017-08-27 23:49:08,#Faust√£o mostrando as notas da dan√ßa me pareceu uma bunda üòÇ https://t.co/dUDCW668pR
danyllo_franco,2017-08-27 23:48:55,"Explicaram a suposta ""bunda"" no tel√£o do #Faust√£o #FomosTrolados"
TulioGCezar,2017-08-27 23:48:40,"Apareceu uma bunda no tel√£o do programa do #faust√£o ????
#DancaDosFamosos"
para_cetaloca,2017-08-27 23:48:38,"Faust√£o muito rico reconhecendo n√≥s, pobres do Twitter #Faustao"
gabrieltd_,2017-08-27 23:48:34,"Imagina dar 9 
Isso n√£o existe #Faustao"
juju_boratto,2017-08-27 23:48:28,Nao era bumbum Hahahahahahaha #Faustao √™hhh mente polu√≠da!
Thiyss,2017-08-27 23:48:23,"#Faust√£o
N√£o era uma bunda, um pa√≠s inteiro tombado pelo tio Faust√£o"
tiagoengel,2017-08-27 23:48:13,Mais algu√©m viu a Bunda no #Faustao ?? Hahahahaha!
terroristadepal,2017-08-27 23:47:58,Essa roupa do #faustao hj e esse tanto d calcinha por baixo da saia q vi na #dancadosfamosos me faz lembrar do topo‚Ä¶ https://t.co/Te5GBOSl1o
SenadorAssu,2017-08-27 23:47:53,Apareceu uma bunda no tel√£o do #Faust√£o üòé
adelaidegentil,2017-08-27 23:47:50,Aquele cent√©simo de segundo que voc√™ v√™ uma bunda no tel√£o do #Faust√£o üçë #dan√ßadosfamosos https://t.co/G2yX3GNJT8
VouTestemunhar,2017-08-27 23:47:46,RT @WhoDriigo: Apareceu uma bunda no tel√£o do #Faust√£o?! SOCORRRO #Dan√ßaDosFamosos
alviinhomcd,2017-08-27 23:47:36,RT @pedroseravat: Top 2 √© da Malha√ß√£o Sonhos... #dan√ßadosfamosos #faust√£o https://t.co/3dYvClKxrq
liliclaud,2017-08-27 23:47:33,Aquilo no painel do #Faustao foi uma bunda?? O.o
mkelvinpaiva,2017-08-27 23:47:17,"Gente t√¥ com vergonha alheia da assistente do Faust√£o, na verdade t√¥ √© com pena mesmo.
#Faustao"
joaoboava,2017-08-27 23:47:13,APARECEU UMA BUNDA NO TEL√ÉO ? FOI ISSO QUE EU VI ? KKKKKKKKKKKK #Faustao
SenadorAssu,2017-08-27 23:46:51,RT @_danielleramos: Kkkkkkk e essa bunnda que apareceu no #Faustao
juniorsantos,2017-08-27 23:46:50,RT @WhoDriigo: Apareceu uma bunda no tel√£o do #Faust√£o?! SOCORRRO #Dan√ßaDosFamosos
ErickGamaS,2017-08-27 23:46:50,Ali era uma bunda no #faustao ?
SenadorAssu,2017-08-27 23:46:41,RT @Uzedajunior: Quem colocou essa Carolina Casting como t√©cnica gente??? Que mic√£o! #Faustao #DancaDosFamosos
TupinikinAzul,2017-08-27 23:46:37,RT @WhoDriigo: Apareceu uma bunda no tel√£o do #Faust√£o?! SOCORRRO #Dan√ßaDosFamosos
joaobezerra,2017-08-27 23:46:36,S√≥ eu vi uma bunda no telao do #Faustao?
thammybel,2017-08-27 23:46:34,"RT @ValquiriaRuiva: #Dan√ßaDosFamosos #Faust√£o 

L√° Vem Treta üò†üò®"
RaissaCabral_,2017-08-27 23:46:32,RT @WhoDriigo: Apareceu uma bunda no tel√£o do #Faust√£o?! SOCORRRO #Dan√ßaDosFamosos
SenadorAssu,2017-08-27 23:46:29,"RT @tatiaponte: Vixeee, a Dira vai gritar um ""Fora, Temer"" na TV!! #dingdong #faustao"
EdjjCoelho,2017-08-27 23:46:27,"RT @AllexPaulo: Hoje o j√∫ri foi p√©ssimo, at√© a produ√ß√£o cagando nas notas no final!! #DancaDosFamosos  #Faustao  @gshow @RedeGlobo"
danyllo_franco,2017-08-27 23:46:20,Puta que pariu!!! Uma bunda no tel√£o do #Faust√£o kkkkkkkkk... ü§£ü§£ü§£
SenadorAssu,2017-08-27 23:46:19,RT @WhoDriigo: Apareceu uma bunda no tel√£o do #Faust√£o?! SOCORRRO #Dan√ßaDosFamosos
CriSantosS2,2017-08-27 23:46:18,RT @pedroseravat: Top 2 √© da Malha√ß√£o Sonhos... #dan√ßadosfamosos #faust√£o https://t.co/3dYvClKxrq
marcelsimao,2017-08-27 23:46:17,Faust√£o metendo o l√¥co na produ√ß√£o. #Dan√ßaDosFamosos #Faust√£o
brazilianaio,2017-08-27 23:46:14,RT @WhoDriigo: Apareceu uma bunda no tel√£o do #Faust√£o?! SOCORRRO #Dan√ßaDosFamosos
uaudavid,2017-08-27 23:46:12,RT @juju_boratto: Quem viu um bumbum no telao do Faustao?!? Hahahahaha #Dan√ßaDosFamosos #Faustao
shipperscouples,2017-08-27 23:46:06,RT @WhoDriigo: Apareceu uma bunda no tel√£o do #Faust√£o?! SOCORRRO #Dan√ßaDosFamosos
Carlosdps,2017-08-27 23:45:59,RT @WhoDriigo: Apareceu uma bunda no tel√£o do #Faust√£o?! SOCORRRO #Dan√ßaDosFamosos
pedroseravat,2017-08-27 23:45:58,Top 2 √© da Malha√ß√£o Sonhos... #dan√ßadosfamosos #faust√£o https://t.co/3dYvClKxrq
dr_rmc,2017-08-27 23:45:58,apareceu uma bunda no tel√£o??? kkkk #faustao
MoraesTeeh,2017-08-27 23:45:49,RT @WhoDriigo: Apareceu uma bunda no tel√£o do #Faust√£o?! SOCORRRO #Dan√ßaDosFamosos
MundoReality_,2017-08-27 23:45:48,"RT @AllexPaulo: Hoje o j√∫ri foi p√©ssimo, at√© a produ√ß√£o cagando nas notas no final!! #DancaDosFamosos  #Faustao  @gshow @RedeGlobo"
kittsundere,2017-08-27 23:45:47,RT @WhoDriigo: Apareceu uma bunda no tel√£o do #Faust√£o?! SOCORRRO #Dan√ßaDosFamosos
JessyNassalves,2017-08-27 23:45:45,"Deus do c√©u, como pode ser t√£o grosso?! #DancaDosFamosos #Faustao"
NoemiaF11666346,2017-08-27 23:45:35,Decis√£o dif√≠cil...#SophiaComentaODanca #Faustao
bras_david,2017-08-27 23:45:33,RT @juju_boratto: Quem viu um bumbum no telao do Faustao?!? Hahahahaha #Dan√ßaDosFamosos #Faustao
AllexPaulo,2017-08-27 23:45:24,"Hoje o j√∫ri foi p√©ssimo, at√© a produ√ß√£o cagando nas notas no final!! #DancaDosFamosos  #Faustao  @gshow @RedeGlobo"
BiaSouzaSep,2017-08-27 23:45:18,Que pala üòÇüòÇüòÇüòÇüòÇüòÇüòÇüòÇüòÇüòÇ #Faustao
Israelmaths,2017-08-27 23:45:02,RT @WhoDriigo: Apareceu uma bunda no tel√£o do #Faust√£o?! SOCORRRO #Dan√ßaDosFamosos
JessikaWF,2017-08-27 23:45:01,RT @_ludy: APARECEU UMA BUNDA NO TEL√ÉO DO #faustao????
alexcranio2003,2017-08-27 23:45:01,E impress√£o minha ou apareceu uma bunda  no tel√£o do Faust√£o kkk #Faust√£o #DancaDosFamosos
SenadorAssu,2017-08-27 23:45:00,E esse #Faustao vem..  ser√° ue nunca errou???
alanaroddrigues,2017-08-27 23:44:59,RT @WhoDriigo: Apareceu uma bunda no tel√£o do #Faust√£o?! SOCORRRO #Dan√ßaDosFamosos
muoio,2017-08-27 23:44:59,Projetaram uma bunda no tel√£o do #faust√£o ?!!! Vcs vir√£o?
_luacostaER,2017-08-27 23:44:55,"RT @ValquiriaRuiva: #Dan√ßaDosFamosos #Faust√£o 

L√° Vem Treta üò†üò®"
tiago_ribeiroc,2017-08-27 23:44:54,Aquilo era uma bunda?! #Faustao
juju_boratto,2017-08-27 23:44:49,Quem viu um bumbum no telao do Faustao?!? Hahahahaha #Dan√ßaDosFamosos #Faustao
josouza_,2017-08-27 23:44:36,RT @guhgc: At√© eu fiquei boquiaberto com a carolina kasting dando 9 #faustao #DancaDosFamosos #domingaodofaustao
_danielleramos,2017-08-27 23:44:33,Kkkkkkk e essa bunnda que apareceu no #Faustao
ValquiriaRuiva,2017-08-27 23:44:30,"#Dan√ßaDosFamosos #Faust√£o 

L√° Vem Treta üò†üò®"
misturanarede,2017-08-27 23:44:26,RT @WhoDriigo: Apareceu uma bunda no tel√£o do #Faust√£o?! SOCORRRO #Dan√ßaDosFamosos
pfvrmatheuso,2017-08-27 23:44:25,APARECEU UM NUDE NO TEL√ÉO????? #Faustao
_ludy,2017-08-27 23:44:22,APARECEU UMA BUNDA NO TEL√ÉO DO #faustao????
xucasperfilada,2017-08-27 23:44:16,"RT @thaiisandrade3: J√° que a mulher √© grande bota o bofe no colo üòÇüòé‚ù§üòç 
#Faust√£o"
WhoDriigo,2017-08-27 23:44:05,Apareceu uma bunda no tel√£o do #Faust√£o?! SOCORRRO #Dan√ßaDosFamosos
ValquiriaRuiva,2017-08-27 23:43:31,"#Dan√ßaDosFamosos #Faust√£o 

Ahhhhh Se a M√£e da Marcelina tivesse nessa plateia, iria Socar a Cara Da Juliana Knust üòù"
pedroseravat,2017-08-27 23:43:30,A cara da Cris... Coitada. #dan√ßadosfamosos #faust√£o
Lmarcotulio,2017-08-27 23:42:31,#Dan√ßaDosFamosos Pregui√ßa dessa @KastingCarolina toda fresca e cheia de tipo pra falar. Jurada t√©cnica??? Oi??? #DancaDosFamosos #Faustao
karenazevedoxx,2017-08-27 23:42:25,"RT @ValquiriaRuiva: #Dan√ßaDosFamosos #Faust√£o 

A Mariana N√£o Gostou. Nem eu üò®"
BezLalabez,2017-08-27 23:42:24,"RT @ed_boaventura: Qual dos dois voc√™ gosta mais de assistir?
#DancaDosFamosos ou #DancingBrasil  üíÉüï∫
#Faustao 
VOTE"
gabrieltd_,2017-08-27 23:42:03,Como pode essa nota pra Mariana gente? #Faustao
Uzedajunior,2017-08-27 23:41:56,RT @Uzedajunior: N√£o falei?Quem foi que colocou essa Carolina Casting a√≠? Sem crit√©rio nenhum. 9 p Mariana!@marixareal #faustao @jornalextr‚Ä¶
beepolaridade,2017-08-27 23:41:50,RT @ErickaNaVeia: Caralhooo quem √© essa Casting dar 9 pra Mariana?? Pqp cara!! #DancaDosFamosos #Faust√£o chama essas porras q n√£o sabem de‚Ä¶
guhgc,2017-08-27 23:41:49,At√© eu fiquei boquiaberto com a carolina kasting dando 9 #faustao #DancaDosFamosos #domingaodofaustao
ed_boaventura,2017-08-27 23:41:32,"Qual dos dois voc√™ gosta mais de assistir?
#DancaDosFamosos ou #DancingBrasil  üíÉüï∫
#Faustao 
VOTE"
ajubs_leal,2017-08-27 23:41:24,"Como assim um 9 para a Mariana???

#DancaDosFamosos #globo 

#Faustao"
Uzedajunior,2017-08-27 23:41:19,N√£o falei?Quem foi que colocou essa Carolina Casting a√≠? Sem crit√©rio nenhum. 9 p Mariana!@marixareal #faustao @jornalextra #DancaDosFamosos
pinheirofagnerp,2017-08-27 23:41:10,RT @Lmarcotulio: #Dan√ßaDosFamosos Solange Couto nunca foi boa atriz e como jurada √© t√£o ruim quanto #DancaDosFamosos #Faustao
AllexPaulo,2017-08-27 23:41:05,"Que jurados p√©ssimos, est√£o prejudicando os candidatos!!! Affff #DancaDosFamosos  #Faustao  @gshow @RedeGlobo"
ErickaNaVeia,2017-08-27 23:40:45,Caralhooo quem √© essa Casting dar 9 pra Mariana?? Pqp cara!! #DancaDosFamosos #Faust√£o chama essas porras q n√£o sabem de nada tnc
gabrieltd_,2017-08-27 23:40:25,"Kasting horr√≠vel jurada
Que nunca mais tragam #Faustao"
ValquiriaRuiva,2017-08-27 23:40:17,"#Dan√ßaDosFamosos #Faust√£o 

A Mariana N√£o Gostou. Nem eu üò®"
Lmarcotulio,2017-08-27 23:40:14,#Dan√ßaDosFamosos Solange Couto nunca foi boa atriz e como jurada √© t√£o ruim quanto #DancaDosFamosos #Faustao
emidio_olivia,2017-08-27 23:38:52,"RT @tatiaponte: Vixeee, a Dira vai gritar um ""Fora, Temer"" na TV!! #dingdong #faustao"
marabentess,2017-08-27 23:38:44,As vezes nao sei quem.esta julgando se √© Solange Couto ou Faf√° de Bel√©m.. #Faust√£o
emidio_olivia,2017-08-27 23:37:25,"RT @karlaparada: Gente pelo amor, o q fizeram na Sombrancelha da Perlla.... S√≥ Jesus
#faust√£o"
emidio_olivia,2017-08-27 23:37:19,"RT @guigoandradde: Perlla nera irm√£ obreira, nera?! 
#DingDong #Doming√£o #Faust√£o"
emmaheartson,2017-08-27 23:36:53,Faust√£o est√° t√£o interessado na gravidez de Sharon Menezes que acho que ele quer engravidar pqp #Faustao
edulevi,2017-08-27 23:36:48,@marixareal o que foi isso Gata Garota?? üò≤üò≤ ARRASOU de verdade no Forrozimüëèüëèüëè Show demais_ 10 #DancaDosFamosos‚Ä¶ https://t.co/fI0epLJkm5
Lmarcotulio,2017-08-27 23:36:44,#Dan√ßaDosFamosos Mariana Xavier foi a melhor de hoje. E esse j√∫ri foi o que h√° de pior. Gente fresca. #DancaDosFamosos #Faustao
ValquiriaRuiva,2017-08-27 23:33:45,"#Dan√ßaDosFamosos #Faust√£o 

Tomei Caldo de Mocot√≥. ‚ù§‚ù§‚ù§
Eu To Amando esse Repert√≥rio. J√° Quero uma Playlist ‚ù§‚ù§‚ù§"
dialetomarra,2017-08-27 23:30:11,"Ela falou 
Vamos conquistar o mundo 
Eu lembrei do Pink e do C√©rebro  üòÇüòÇ

#Faustao"
parlacadilha,2017-08-27 23:29:14,"RT @gabrieltd_: A pessoa vai julgar a Dan√ßa e come√ßa a problematizar tudo
#Faustao"
Uzedajunior,2017-08-27 23:28:32,"RT @Uzedajunior: Acho essa Solange Couto t√£o escrota! N√£o engoli ainda o 9,8 p Adriane Galisteu! #Faustao #DancaDosFamosos"
Mah_Pereirah,2017-08-27 23:27:52,Mds toda essa pol√™mica de ser grande n√£o ser grande pra q isso gnt? imagina se fosse a Ana Hickman dan√ßando #Dan√ßaDosFamosos #Faust√£o
Uzedajunior,2017-08-27 23:27:46,RT @Uzedajunior: Quem colocou essa Carolina Casting como t√©cnica gente??? Que mic√£o! #Faustao #DancaDosFamosos
parlacadilha,2017-08-27 23:27:22,RT @Uzedajunior: Quem colocou essa Carolina Casting como t√©cnica gente??? Que mic√£o! #Faustao #DancaDosFamosos
gabrieltd_,2017-08-27 23:27:17,"A pessoa vai julgar a Dan√ßa e come√ßa a problematizar tudo
#Faustao"
_Veronica_Dias,2017-08-27 23:26:56,"RT @ValquiriaRuiva: #Dan√ßaDosFamosos #Faust√£o 

Gente a Cris √© Afrontosa. Pegou o Boy no Colo pra Afrontar a Jurada da Semana Passada üò±üò±üò®"
Uzedajunior,2017-08-27 23:26:52,Quem colocou essa Carolina Casting como t√©cnica gente??? Que mic√£o! #Faustao #DancaDosFamosos
dialetomarra,2017-08-27 23:26:41,"Mulher GG 
Gostosa pra kralho +!!!
 üòÑüòâüòç

#Faustao"
girlsaIouds,2017-08-27 23:26:38,jura? achei que padr√£o era pra encaixar num paralelepipedo #faustao
gabrieltd_,2017-08-27 23:26:21,"Carolina no j√∫ri t√©cnico acha que t√° no art√≠stico
Sofro #Faustao"
thaiisandrade3,2017-08-27 23:26:03,"J√° que a mulher √© grande bota o bofe no colo üòÇüòé‚ù§üòç 
#Faust√£o"
ThaysFerreira37,2017-08-27 23:26:00,RT @edulevi: Gente... A Cris Viana sempre linda arrasou no Forrozin üëèüëèüëè‚ù§‚ù§ _ 9.5 _ #DancaDosFamosos #Faustao https://t.co/hEpC9AGck4
JooPereiraNeto1,2017-08-27 23:25:45,"RT @ValquiriaRuiva: #Dan√ßaDosFamosos #Faust√£o 

Gente a Cris √© Afrontosa. Pegou o Boy no Colo pra Afrontar a Jurada da Semana Passada üò±üò±üò®"
jessiiiih,2017-08-27 23:25:33,RT @edulevi: Gente... A Cris Viana sempre linda arrasou no Forrozin üëèüëèüëè‚ù§‚ù§ _ 9.5 _ #DancaDosFamosos #Faustao https://t.co/hEpC9AGck4
Uzedajunior,2017-08-27 23:25:32,"Acho essa Solange Couto t√£o escrota! N√£o engoli ainda o 9,8 p Adriane Galisteu! #Faustao #DancaDosFamosos"
edulevi,2017-08-27 23:24:45,Gente... A Cris Viana sempre linda arrasou no Forrozin üëèüëèüëè‚ù§‚ù§ _ 9.5 _ #DancaDosFamosos #Faustao https://t.co/hEpC9AGck4
hwrrysytles,2017-08-27 23:24:36,"RT @pedroseravat: Cris bem melhor, hein #dan√ßadosfamosos #faust√£o"
ValquiriaRuiva,2017-08-27 23:24:26,"#Dan√ßaDosFamosos #Faust√£o 

Gente a Cris √© Afrontosa. Pegou o Boy no Colo pra Afrontar a Jurada da Semana Passada üò±üò±üò®"
alexcranio2003,2017-08-27 23:23:58,Mulher√£o da porra essa Cris Viana #DancaDosFamosos #Faust√£o
CriSantosS2,2017-08-27 23:23:52,"RT @pedroseravat: Cris bem melhor, hein #dan√ßadosfamosos #faust√£o"
pedroseravat,2017-08-27 23:23:38,"Cris bem melhor, hein #dan√ßadosfamosos #faust√£o"
ValquiriaRuiva,2017-08-27 23:23:27,"#Dan√ßaDosFamosos #Faust√£o 

Essas Musicas est√£o um Arrazo üòç"
Ligado_TV,2017-08-27 23:23:02,"Desculpa, mas esse professor da Cris √© um pecado... e eu sou um pecador üòÇüòÇ #Dan√ßaDosFamosos #Faust√£o"
ValquiriaRuiva,2017-08-27 23:21:02,"#Dan√ßaDosFamosos #Faust√£o 

Cris j√° Come√ßou com Baf√£o üòÄ"
PotiluxBR,2017-08-27 23:19:44,#dancadosfamosos #faustao O forro √© bom d + https://t.co/uT8ED4UJ9W
SAHHHHZ2,2017-08-27 23:19:40,"RT @bonitindemais: NA MADRUGADA ABANDONADAA, MINHA PERLA TA VIVAAAAA #DingDong #Faustao https://t.co/kvHyAuxRC7"
mendes_lacerda,2017-08-27 23:19:31,#Faustao bost√£o
mendes_lacerda,2017-08-27 23:16:44,#Faustao lixo
PaiThomaz73,2017-08-27 23:16:19,#mariabernardetedinorahcarvalhocidade segundo #Faustao era #babyconsuelo antes de ser #babydobrasil
Paulo_Ricardo_A,2017-08-27 23:15:03,"Doming√£o a noite = Dan√ßa dos famosos 
#DancaDosFamosos #Faustao"
hernandesdavid,2017-08-27 23:14:52,"Que rid√≠culo o #Faust√£o fazendo pela segunda vez lavagem de roupa suja com a #BabydoBrasil Ex Consuelo .
#Dan√ßaDosFamosos."
ValquiriaRuiva,2017-08-27 23:14:52,"#Dan√ßaDosFamosos #Faust√£o 

Esse Ano Melhorou muito nas escolhas das M√∫sicas pra Dan√ßa.üòç"
edulevi,2017-08-27 23:14:07,Izabella Santone mostrou que sabe bater coxa direitinho üëèüëèüëèüëè Arrasou __ 10 #DancaDosFamosos #Faustao https://t.co/olskSEr487
AnaVeraGarcia,2017-08-27 23:14:05,Isabela lindaaa no forro #DancaDosFamosos #Faustao
LideOliveira,2017-08-27 23:13:45,As dan√ßas est√£o fazendo seu t√©rmino de um jeito q parece que acabou a luz no meio da m√∫sica. #DancaDosFamosos #dancadosfamosos2017 #Faustao
gabrieltd_,2017-08-27 23:13:38,"Sheron merecia ter ganhado
Pena que aquela final dela tava com cartas marcadas #Faustao"
victor_clopes,2017-08-27 23:13:31,"Porque o #Faust√£o est√° mais inconveniente do que nunca, hoje?! #DomingaoDoFaustao"
MelissaFJasmine,2017-08-27 23:13:13,#Faustao ligeiramente puto com Baby do Brasil!!! Kkkkkk #DancaDosFamosos
rainha_DL,2017-08-27 23:12:57,RT @Raphel: Agora eu vou me vingar! Eu vou expor ela na Internet #DancaDosFamosos #Faustao
Raphel,2017-08-27 23:12:35,Agora eu vou me vingar! Eu vou expor ela na Internet #DancaDosFamosos #Faustao
gabrieltd_,2017-08-27 23:12:32,Baby do Brasil n√£o volta #Faustao
niclessa_,2017-08-27 23:12:30,RT @pedroseravat: Santoni foi a que mostrou mais gingado at√© agora... #dan√ßadosfamosos #faust√£o
CriSantosS2,2017-08-27 23:12:21,RT @pedroseravat: Santoni foi a que mostrou mais gingado at√© agora... #dan√ßadosfamosos #faust√£o
pedroseravat,2017-08-27 23:11:33,Santoni foi a que mostrou mais gingado at√© agora... #dan√ßadosfamosos #faust√£o
perlamayraguaja,2017-08-27 23:10:38,"RT @bonitindemais: NA MADRUGADA ABANDONADAA, MINHA PERLA TA VIVAAAAA #DingDong #Faustao https://t.co/kvHyAuxRC7"
KayoJovovich15,2017-08-27 23:09:20,"RT @bonitindemais: NA MADRUGADA ABANDONADAA, MINHA PERLA TA VIVAAAAA #DingDong #Faustao https://t.co/kvHyAuxRC7"
pedroseravat,2017-08-27 23:09:09,Lembrou a Taylor aqui... .morri #dan√ßadosfamosos #faust√£o https://t.co/xzqAEWgzel
VitoriaSegura,2017-08-27 23:06:09,"RT @Thiagommmmm: #Dan√ßaDosFamosos #Faust√£o tem que melhorar esse juri tecnico, eles n√£o avaliam o professor, s√≥ d√£o nota alta...cade o rigo‚Ä¶"
pedroseravat,2017-08-27 23:06:02,Climinha... #dan√ßadosfamosos #faust√£o
Thiagommmmm,2017-08-27 23:05:11,"#Dan√ßaDosFamosos #Faust√£o tem que melhorar esse juri tecnico, eles n√£o avaliam o professor, s√≥ d√£o nota alta...cade o rigor????"
evansmauesp,2017-08-27 23:02:50,"Os jurados dizem q √© dif√≠cil dar nota,  deixa o povo do Twitter dar a nota ent√£o, a gente  faz isso t√£o f√°cil hehe #Dan√ßaDosFamosos #Faustao"
factionddl,2017-08-27 23:01:20,"RT @bonitindemais: NA MADRUGADA ABANDONADAA, MINHA PERLA TA VIVAAAAA #DingDong #Faustao https://t.co/kvHyAuxRC7"
Paixaobrunosou,2017-08-27 22:58:45,"Eu queria falar pro #Faust√£o q √© forr√≥ e n√£o forr√≥, mas n√£o sei escrever forr√≥ do jeito q ele fala
#DancaDosFamosos"
ValquiriaRuiva,2017-08-27 22:57:47,"#Dan√ßaDosFamosos. #Faust√£o 

Que Mulher Chataaaaaa üò¥"
Uzedajunior,2017-08-27 22:55:58,"N√£o sabia que Dona Jura era jurada t√©cnica! ESCROTA! Deu 9,8 p Adriane Galisteu @GalisteuOficial #Faustao  #Dan√ßaDosFamosos"
ValquiriaRuiva,2017-08-27 22:49:49,"#Dan√ßaDosFamosos #Faust√£o 

Essa Bixa T√° Adorando Esses Amassos nesse Moreno üòÑüòÑ"
Andre_Coelho_,2017-08-27 22:49:29,"Na cabe√ßa da Adriane Galisteu s√≥ passa uma coisa. ""T√î NA GLOBO"" #DancaDosFamosos    #Faust√£o"
CriSantosS2,2017-08-27 22:49:16,"RT @pedroseravat: Linda, @galisteuoficial &lt;3 #dan√ßadosfamosos #faust√£o https://t.co/bYErDJHXYb"
pedroseravat,2017-08-27 22:48:55,"Linda, @galisteuoficial &lt;3 #dan√ßadosfamosos #faust√£o https://t.co/bYErDJHXYb"
Zizianos,2017-08-27 22:48:32,RT @Morozinski: Ouvir a Zizi Possi no Ding Dong foi m√∫sica para os meus ouvidos. Sensacional. #musica #dingdong #faustao #globotv
joaopedrocenna,2017-08-27 22:48:26,A minha torcida √© pra @GalisteuOficial #Dan√ßaDosFamosos #Faust√£o!
pow_cah,2017-08-27 22:47:20,"RT @bonitindemais: NA MADRUGADA ABANDONADAA, MINHA PERLA TA VIVAAAAA #DingDong #Faustao https://t.co/kvHyAuxRC7"
Zizianos,2017-08-27 22:46:19,"RT @Bel_Marra: Zizi Possi √© t√£o lady, t√£o fofa, t√£o discreta. Que luxo ouvi-la no #Faustao A voz dela arrepia de t√£o linda! #DingDong #Danc‚Ä¶"
CriSantosS2,2017-08-27 22:46:07,RT @pedroseravat: J√° come√ßa com a rainha Galis #dan√ßadosfamosos #faust√£o https://t.co/nkNcNkp44l
pedroseravat,2017-08-27 22:45:48,J√° come√ßa com a rainha Galis #dan√ßadosfamosos #faust√£o https://t.co/nkNcNkp44l
bipolaridade,2017-08-27 22:45:17,Algu√©m colocou a deixa errada ali hein. #Faustao
Paixaobrunosou,2017-08-27 22:44:57,"Carolina Kasting a eterna Brida da novela q foi cancelada por falta de verba
#Dan√ßaDosFamosos 
#Faust√£o"
dieegorod,2017-08-27 22:43:21,"√â gato esse Luiz, mas tem sobrenome ruim! #faustao"
celocolusso,2017-08-27 22:40:30,#Faust√£o meu pau na sua mao
OiFelipeAmorim,2017-08-27 22:39:34,"Real Time S√£o Paulo 19h14 

 Globo 18.7, SBT 10, Record 6.7.
#Faustao #ForcaEliana #HoraDoFaro #VMA #GoTS7 #DomingoDetremuraSDV"
Bel_Marra,2017-08-27 22:37:09,"Zizi Possi √© t√£o lady, t√£o fofa, t√£o discreta. Que luxo ouvi-la no #Faustao A voz dela arrepia de t√£o linda! #DingDong #DancaDosFamosos"
mayllson,2017-08-27 22:35:36,"RT @bonitindemais: Verdadeira dona do funk pode entrar Perla 
DEU MOLE PRA CARAMBA TREMENDO VACIL√ÉO
#DingDong #Faustao https://t.co/FxwFCoH‚Ä¶"
Nickleprevost,2017-08-27 22:32:49,"Essa camisa amarela do Faust√£o √© t√£o louca, que chega a me dar vertigem #Faustao"
Morozinski,2017-08-27 22:31:28,Ouvir a Zizi Possi no Ding Dong foi m√∫sica para os meus ouvidos. Sensacional. #musica #dingdong #faustao #globotv
MedaLuiz,2017-08-27 22:31:21,"Zizi Possi arrasou cantando Per amore, mas @eususanavieira foi √©pico #Faust√£o"
geraldopost,2017-08-27 22:31:18,Vamos nude pra Branco üôÑ #Ipanema #Faust√£o
fagundescassia,2017-08-27 22:31:17,"RT @bonitindemais: NA MADRUGADA ABANDONADAA, MINHA PERLA TA VIVAAAAA #DingDong #Faustao https://t.co/kvHyAuxRC7"
PoxaRich,2017-08-27 22:30:39,T√£o recriando As Panteras com essas tr√™s no palco #Faust√£o
marlona34,2017-08-27 22:28:00,RT @ARETUSASOUZA: #DingDong #Faust√£o  Gosto muito!üëèüëèüëèüëè #ZiziPossi saudades de v√™-la cantando na TVüòçüòçüòçüòçüòç
eleomar_junior,2017-08-27 22:27:56,https://t.co/juU2lMidbb Zizi Possi cantando #PerAmore no #Faust√£o. Cad√™ a Susana Vieira? Esse dueto seria hist√≥rico!
EscarlateOHara,2017-08-27 22:27:51,"ESSA M√öSICA ‚ù§‚ù§‚ù§

#dingdong
#faustao"
JuhhniorM,2017-08-27 22:27:13,RT @mamaesemneura: #zizipossi no #faust√£o e eu muito apaixonada!!
railane_f,2017-08-27 22:27:13,Per amore no #Faust√£o e n√£o √© a vers√£o da Susana Vieira https://t.co/zDviatu3KE
luansabino20,2017-08-27 22:27:12,Zizi Possi canta muito. #DingDong #Faust√£o
GraLira,2017-08-27 22:26:53,#ZiziPossi üíõ Maravilhosa #Cantora @RedeGlobo #Faust√£o
marlona34,2017-08-27 22:26:52,RT @Michel_Telles: O tempo passa e #ZiziPossi continua linda. No #Faust√£o cantando o hino do #videok√™ #AsaMorena
laisaoliveirah,2017-08-27 22:26:15,"Adoro essa m√∫sica da Zizi, Per Amore üòç #DingDong #Faust√£o"
marilovesshawn,2017-08-27 22:25:49,"RT @bonitindemais: NA MADRUGADA ABANDONADAA, MINHA PERLA TA VIVAAAAA #DingDong #Faustao https://t.co/kvHyAuxRC7"
miguel_alves,2017-08-27 22:25:40,"Voce quer PER AMORE Ao vivo, Susana Vieira? #Faust√£o https://t.co/9MktxQFGoZ"
mamaesemneura,2017-08-27 22:25:30,#zizipossi no #faust√£o e eu muito apaixonada!!
sorvetedecereja,2017-08-27 22:25:27,Zizi cantando a m√∫sica dela que mais amo no #Faustao
robbsonandrade,2017-08-27 22:25:00,Que cara de nojo √© essa da Bruna Linzmeyer¬†no #faustao... Parece que n√£o sabe o que √© MPB... Rainha #zizipossi
jamyllenb,2017-08-27 22:24:59,Eu olho para @SoniaAbrao e sempre acho que ela parece com alguem... Quem?! Descobri hj: @ZiziPossi ! #dingdong #faustao #DomingaoDoFaustao
arrobaadrianu,2017-08-27 22:24:55,Como a @ZiziPossi t√° linda #faustao |#DingDong
dialetomarra,2017-08-27 22:24:25,"#Faustao
Gritando aki com Perigo, minha m√∫sica! !!!!!!!üò≤üòç"
sweetbirdyouth_,2017-08-27 22:24:24,"Gente, a Zizi Possi perdeu o vozerao. Que triste #Faustao"
luansabino20,2017-08-27 22:24:20,So aceito Susana Vieira cantando 'Per Amore' #DingDong #Faust√£o
SigaLinoInacio,2017-08-27 22:24:15,"Ela vai cantar a tema de Por Amor, novela que to vendo pelo Viva! Lindaaaaaaa #faustao"
MarcusBoladu,2017-08-27 22:24:00,"O Ding Dong √© bom, faz relembrar artistas esquecidos da grande m√≠dia, mas j√° t√° saturado pra caramba!!!! #Faustao"
MichelleIrani,2017-08-27 22:23:54,Amo @ZiziPossi üòçper amore #Faust√£o
paulinhasimass,2017-08-27 22:23:17,@ZiziPossi Perigo no #Faust√£o #ZiziNoDomingaodoFaustao minha diva üíñüòç
backtodecembs,2017-08-27 22:23:09,"RT @nxcolasc: Zizi Possi, conhecida como dona do Brasil. #dingdong #faust√£o"
Paixaobrunosou,2017-08-27 22:22:41,"Anjo do bem, g√™nio do mal
#DingDong
#Faust√£o"
marlleny,2017-08-27 22:22:37,Zizi Possi #faustao s√≥ assim pra valer a pena
WellMarthins,2017-08-27 22:22:06,Zizi Possi t√° b√™bada? #Faustao
_rafaxavierr,2017-08-27 22:22:06,"RT @nxcolasc: Zizi Possi, conhecida como dona do Brasil. #dingdong #faust√£o"
SigaLinoInacio,2017-08-27 22:21:55,Como a Zizi Possi √© elegante!  Dando um shoooow #Faust√£o
dialetomarra,2017-08-27 22:21:55,"@ZiziPossi üòçüòô‚ù§
Essa voz me mata
E ainda fez o favor de fazer uma filha muito bem feitinha. . .@taodalp 
#Faustao"
3Vudu,2017-08-27 22:21:04,"RT @3Vudu: #DancaDosFamosos #DancingBrasil #Faustao 
Preparados pra ver os micos da Adriane Galisteu? Voc√™ acha que ela consegue algo maior‚Ä¶"
3Vudu,2017-08-27 22:20:43,"#DancaDosFamosos #DancingBrasil #Faustao 
Preparados pra ver os micos da Adriane Galisteu? Voc√™ acha que ela consegue algo maior na Globo ?"
edulevi,2017-08-27 22:20:33,Como √© m√°gica a voz desse mulher !! Amo !! @ZiziPossi ‚ù§‚ù§ #Faust√£o #Doming√£odoFaut√£o #DingDong @gshow https://t.co/jaWarMXAiO
ARETUSASOUZA,2017-08-27 22:20:32,#DingDong #Faust√£o  Gosto muito!üëèüëèüëèüëè #ZiziPossi saudades de v√™-la cantando na TVüòçüòçüòçüòçüòç
deh_alencar,2017-08-27 22:20:25,"RT @nxcolasc: Zizi Possi, conhecida como dona do Brasil. #dingdong #faust√£o"
nxcolasc,2017-08-27 22:20:08,"Zizi Possi, conhecida como dona do Brasil. #dingdong #faust√£o"
cachodamari,2017-08-27 22:19:47,N√£o do aguentando a cara de vergonha da Bruna Linzmayer no #Faust√£o. Um discurso pra nada. Kkkkkkkk #Morta
Paixaobrunosou,2017-08-27 22:19:19,"RT @ValquiriaRuiva: #DingDong #Faust√£o 

Faust√£o S√≥ Tem Levado Amigos no Programa N√©? üòï"
deh_alencar,2017-08-27 22:18:49,RT @Michel_Telles: O tempo passa e #ZiziPossi continua linda. No #Faust√£o cantando o hino do #videok√™ #AsaMorena
ATrouxaporidolo,2017-08-27 22:18:32,"RT @bonitindemais: NA MADRUGADA ABANDONADAA, MINHA PERLA TA VIVAAAAA #DingDong #Faustao https://t.co/kvHyAuxRC7"
OVitorViu,2017-08-27 22:18:16,RT @Michel_Telles: O tempo passa e #ZiziPossi continua linda. No #Faust√£o cantando o hino do #videok√™ #AsaMorena
juliarubra,2017-08-27 22:18:14,Eu amo a Zizi Possi num n√≠vel que MDS. #faustao
Michel_Telles,2017-08-27 22:18:09,O tempo passa e #ZiziPossi continua linda. No #Faust√£o cantando o hino do #videok√™ #AsaMorena
braanque,2017-08-27 22:17:38,"me faz pequena asa morena, me alivia a dor  aliviando a dor que mata me faz ser teu amor... ESSA MUSICA √â LINDA #Faust√£o"
Paixaobrunosou,2017-08-27 22:17:10,"Como q √© a vers√£o proibida dessa m√∫sica mesmo?
#dingdong
#Faust√£o"
tiagomelgaco,2017-08-27 22:16:43,Olha @ZiziPossi no #faustao
dialetomarra,2017-08-27 22:16:20,"RT @claudiofc14: Povo chato pra julgar, essa gera√ß√£o mimimi √© um saco. @perllareal muito maravilhosa ‚ù§üòç  #DingDong #Faust√£o #Perlla #Doming‚Ä¶"
FERMADUREIRA,2017-08-27 22:16:14,Coisa linda @luizapossi Asa Morena @ZiziPossi no #Faust√£o
gabrieltd_,2017-08-27 22:15:07,"Nem uma atra√ß√£o atual hoje
Morreu mesmo #Faustao"
minzinhadaari,2017-08-27 22:14:07,"RT @bonitindemais: NA MADRUGADA ABANDONADAA, MINHA PERLA TA VIVAAAAA #DingDong #Faustao https://t.co/kvHyAuxRC7"
_hellenanjos,2017-08-27 22:14:01,"RT @bonitindemais: NA MADRUGADA ABANDONADAA, MINHA PERLA TA VIVAAAAA #DingDong #Faustao https://t.co/kvHyAuxRC7"
gabrieltd_,2017-08-27 22:13:13,Vai fechar em 15 milh√µes #Faustao
tvblogando,2017-08-27 22:10:20,"Povo u√ì reclamando que a Mafalda Minozzi cantou tr√™s m√∫sicas!
Se reclame mais o #faustao chama pra cantar mais uma no
#DingDong"
JuhAlexsandra,2017-08-27 22:08:54,"RT @claudiofc14: Povo chato pra julgar, essa gera√ß√£o mimimi √© um saco. @perllareal muito maravilhosa ‚ù§üòç  #DingDong #Faust√£o #Perlla #Doming‚Ä¶"
ValquiriaRuiva,2017-08-27 22:08:45,"#DingDong. #Faust√£o 

O Ding Dong Hoje t√° Um Saco üò¥"
_MariaHolanda,2017-08-27 22:08:39,meu Deus @Joelma como pode mulher vc da um tiro desses agora üò± a Rainha vai aparecer no #Faust√£o üòçüòçüòçüòç #Crian√ßaEsperan√ßa
dialetomarra,2017-08-27 22:07:58,"#Faustao
M√°s a Bruna falou com tanta propriedade que cheguei a acreditar 
Cheia de l√°bia, pegadora...
Eu tava quase dando pra ela! üòÜ"
tvblogando,2017-08-27 22:07:22,"Essa m√∫sica que a Mafalda Minozzi cantou √© linda! #faustao
#dingdong"
Paixaobrunosou,2017-08-27 22:06:49,"Ei mo√ßa, toca Raul 
#dingdong
#Faust√£o"
Bianor18,2017-08-27 22:06:45,"RT @OiFelipeAmorim: Real Time S√£o Paulo 18h45

Globo 17.3
SBT 8.8
Record 7.3
Band 3.7
Cultura 2.3
Gazeta 1.0

#Faust√£o #Eliana #HoraDoFaro‚Ä¶"
Paixaobrunosou,2017-08-27 22:05:52,"QUEM SABE FAZ AO VIVO GALERAAAAAA

#dingdong
#faust√£o"
OiFelipeAmorim,2017-08-27 22:05:49,"Real Time S√£o Paulo 18h45

Globo 17.3
SBT 8.8
Record 7.3
Band 3.7
Cultura 2.3
Gazeta 1.0

#Faust√£o #Eliana #HoraDoFaro #DomingoDetremuraSDV"
Robertagbetty,2017-08-27 22:05:37,Fazia tempo q n√£o via a Mafalda Minozzi na TV #DingDong #faustao
EscarlateOHara,2017-08-27 22:05:05,"Vcs s√£o muito sem cultura

#dingdong
#faustao"
miguel_alves,2017-08-27 22:05:03,Assistindo essa italiana no #Faust√£o like https://t.co/9CuN3H8vOk
ValquiriaRuiva,2017-08-27 22:02:27,"#DingDong #Faust√£o 

Faust√£o S√≥ Tem Levado Amigos no Programa N√©? üòï"
lsbaleia,2017-08-27 22:01:48,quem √© a melhor bailarina do Faust√£o e pq a Ana Fl√°via Sim√µes???? #Faustao
nandinhafrfraga,2017-08-27 22:01:10,"Esse #faustao √© um saco que merda...
#dingdong"
Paixaobrunosou,2017-08-27 22:00:03,"Mafalda Minnozzi √© bem lokona
#Faust√£o
#dingdong"
JeffersStarship,2017-08-27 21:59:45,"RT @bonitindemais: NA MADRUGADA ABANDONADAA, MINHA PERLA TA VIVAAAAA #DingDong #Faustao https://t.co/kvHyAuxRC7"
xndressa,2017-08-27 21:58:48,"RT @bonitindemais: Verdadeira dona do funk pode entrar Perla 
DEU MOLE PRA CARAMBA TREMENDO VACIL√ÉO
#DingDong #Faustao https://t.co/FxwFCoH‚Ä¶"
dialetomarra,2017-08-27 21:57:36,"RT @bonitindemais: NA MADRUGADA ABANDONADAA, MINHA PERLA TA VIVAAAAA #DingDong #Faustao https://t.co/kvHyAuxRC7"
tatiaponte,2017-08-27 21:57:11,"Bruna, aten√ß√£o, hein? #dingdong #faustao"
tiagoliveira_,2017-08-27 21:57:04,"RT @bonitindemais: NA MADRUGADA ABANDONADAA, MINHA PERLA TA VIVAAAAA #DingDong #Faustao https://t.co/kvHyAuxRC7"
LuluDosSantos4,2017-08-27 21:56:54,"RT @bonitindemais: NA MADRUGADA ABANDONADAA, MINHA PERLA TA VIVAAAAA #DingDong #Faustao https://t.co/kvHyAuxRC7"
ney_koga,2017-08-27 21:56:26,#Faust√£o falou para a @Brunalinzmeyer que outras famosas como a @Danielamercury e a @Fernanda_Gentil j√° expuseram o PROBLEMA como vc üòÖüòÇüòÖüòÇüòÇüòÖüòÅ
eufeoliveira,2017-08-27 21:56:20,"@BastidoresDaTV @Hialley #Faust√£o, mas n√£o sei se √© o #DingDong ou o #GloboNewsPainel. Toda hora debate a pol√≠tica‚Ä¶ https://t.co/RvzWa9em8U"
poeticwrpenter,2017-08-27 21:55:43,"RT @bonitindemais: NA MADRUGADA ABANDONADAA, MINHA PERLA TA VIVAAAAA #DingDong #Faustao https://t.co/kvHyAuxRC7"
_felipebertochi,2017-08-27 21:55:33,"RT @tatiaponte: Vixeee, a Dira vai gritar um ""Fora, Temer"" na TV!! #dingdong #faustao"
ElaneVivi15,2017-08-27 21:55:33,"RT @tatiaponte: Vixeee, a Dira vai gritar um ""Fora, Temer"" na TV!! #dingdong #faustao"
Paixaobrunosou,2017-08-27 21:55:25,"A castanha √© 

#dingdong 
#Faust√£o"
tatiaponte,2017-08-27 21:54:57,"Vixeee, a Dira vai gritar um ""Fora, Temer"" na TV!! #dingdong #faustao"
daniatenta,2017-08-27 21:54:40,"RT @bonitindemais: NA MADRUGADA ABANDONADAA, MINHA PERLA TA VIVAAAAA #DingDong #Faustao https://t.co/kvHyAuxRC7"
Duh_navy,2017-08-27 21:54:28,"RT @bonitindemais: NA MADRUGADA ABANDONADAA, MINHA PERLA TA VIVAAAAA #DingDong #Faustao https://t.co/kvHyAuxRC7"
Paixaobrunosou,2017-08-27 21:54:17,"Kkkkk √© melhor ficar quieta mesmo, Bruna kkkkkkkkkk
O #Faust√£o zoando a Bruna kkkkk
#dingdong"
luiz_kbcao,2017-08-27 21:54:13,#Faustao falando da Amaz√¥nia
fandomdofaustao,2017-08-27 21:52:49,"Mais um dia sem Faust√£o... T√¥ super cansad√£o, dor de cabe√ßa. üò≠ #faust√£o"
Paixaobrunosou,2017-08-27 21:51:07,"Fl√°vio canto deste lado kkkkk
Pensei q ele tava no canto
#DingDong
#Faust√£o"
EliottDeCamelot,2017-08-27 21:51:03,"RT @tatiaponte: Uber t√° bem, hein? Propaganda no programa mais caro da TV! #dingdong #faustao"
tatiaponte,2017-08-27 21:50:06,"Uber t√° bem, hein? Propaganda no programa mais caro da TV! #dingdong #faustao"
___cnessa,2017-08-27 21:49:54,"RT @bonitindemais: NA MADRUGADA ABANDONADAA, MINHA PERLA TA VIVAAAAA #DingDong #Faustao https://t.co/kvHyAuxRC7"
luiz_kbcao,2017-08-27 21:49:52,Taxistas se cortando #Faustao #Uber
luiz_kbcao,2017-08-27 21:49:33,@Uber_Brasil fazendo propaganda no #Faustao
AnaLviaCastro,2017-08-27 21:47:18,"RT @bonitindemais: Verdadeira dona do funk pode entrar Perla 
DEU MOLE PRA CARAMBA TREMENDO VACIL√ÉO
#DingDong #Faustao https://t.co/FxwFCoH‚Ä¶"
jaguardiscreta,2017-08-27 21:46:49,"RT @bonitindemais: NA MADRUGADA ABANDONADAA, MINHA PERLA TA VIVAAAAA #DingDong #Faustao https://t.co/kvHyAuxRC7"
Ichoosegrant,2017-08-27 21:46:43,"RT @Paixaobrunosou: Kkkkkkk a Bruna fez um discurso e errou o a m√∫sica kkkkkk q mico 
#dingdong 
#Faust√£o"
foreveryourfann,2017-08-27 21:46:40,"RT @bonitindemais: NA MADRUGADA ABANDONADAA, MINHA PERLA TA VIVAAAAA #DingDong #Faustao https://t.co/kvHyAuxRC7"
Robertin1120,2017-08-27 21:46:39,"Namorar mas adora um proibido üéµüíü
#Faustao #dingdong"
Manuzzx,2017-08-27 21:46:14,"RT @bonitindemais: NA MADRUGADA ABANDONADAA, MINHA PERLA TA VIVAAAAA #DingDong #Faustao https://t.co/kvHyAuxRC7"
gama_taciane,2017-08-27 21:46:00,"Namora mais adora um proibido üé∂
@turmadopagode 
#Faustao"
tatiaponte,2017-08-27 21:45:30,"Nunca ouvi esta m√∫sica na vida, gente! #dingdong #faustao"
vrcezario,2017-08-27 21:45:27,Essa m√∫sica tocava muito nas r√°dios daqui #Faust√£o
Rodrigopalmas,2017-08-27 21:45:25,"Lancinho,Turma do Pagode.
Que hino #DingDong #Faustao"
janainaestetic,2017-08-27 21:45:12,Turma do pagode #Faustao namora mais adora um proibido uuuu.uuuu.
org4smddiley,2017-08-27 21:45:06,"RT @bonitindemais: Verdadeira dona do funk pode entrar Perla 
DEU MOLE PRA CARAMBA TREMENDO VACIL√ÉO
#DingDong #Faustao https://t.co/FxwFCoH‚Ä¶"
igorlu12,2017-08-27 21:45:01,"RT @bonitindemais: NA MADRUGADA ABANDONADAA, MINHA PERLA TA VIVAAAAA #DingDong #Faustao https://t.co/kvHyAuxRC7"
vrcezario,2017-08-27 21:44:40,"PREFERE UM ROMANCE ESCONDIDO
SAI NA MADRUGADA PRA DAR(?) LANCINHO COMIGO #Faust√£o"
tatiaponte,2017-08-27 21:43:48,Bruna deu um aul√£o e errou! #dingdong #faustao
vrcezario,2017-08-27 21:43:48,NAMORA MAS ADORA ADORA O PROIBIDO #Faust√£o
NHCBreezy,2017-08-27 21:43:12,#Faust√£o Reparo sempre que a Bruna tem a necessidade de se  mostrar intelectual ü§î
rafyusco,2017-08-27 21:43:05,"RT @bonitindemais: NA MADRUGADA ABANDONADAA, MINHA PERLA TA VIVAAAAA #DingDong #Faustao https://t.co/kvHyAuxRC7"
Paixaobrunosou,2017-08-27 21:43:02,"Kkkkkkk a Bruna fez um discurso e errou o a m√∫sica kkkkkk q mico 
#dingdong 
#Faust√£o"
vrcezario,2017-08-27 21:42:10,"Caralho, t√° muito f√°cil #Faust√£o"
JessycaGobato,2017-08-27 21:41:56,"RT @bonitindemais: NA MADRUGADA ABANDONADAA, MINHA PERLA TA VIVAAAAA #DingDong #Faustao https://t.co/kvHyAuxRC7"
porn_jb,2017-08-27 21:41:01,"RT @bonitindemais: NA MADRUGADA ABANDONADAA, MINHA PERLA TA VIVAAAAA #DingDong #Faustao https://t.co/kvHyAuxRC7"
Paixaobrunosou,2017-08-27 21:40:19,"Prefere um romance escondido
#dingdong 
#Faust√£o"
palomaCar74,2017-08-27 21:39:32,"RT @bonitindemais: NA MADRUGADA ABANDONADAA, MINHA PERLA TA VIVAAAAA #DingDong #Faustao https://t.co/kvHyAuxRC7"
ProtectIsraelN,2017-08-27 21:38:46,"RT @bonitindemais: NA MADRUGADA ABANDONADAA, MINHA PERLA TA VIVAAAAA #DingDong #Faustao https://t.co/kvHyAuxRC7"
evelyndesouza83,2017-08-27 21:38:44,"Geeente, o figurino das bailarinas hoje est√° muuuito lindo! Amei esse macac√£o! #Doming√£o #Faust√£o @RedeGlobo #Doming√£oDoFaust√£o"
Stra_Santos,2017-08-27 21:38:21,"RT @bonitindemais: NA MADRUGADA ABANDONADAA, MINHA PERLA TA VIVAAAAA #DingDong #Faustao https://t.co/kvHyAuxRC7"
MelissaFJasmine,2017-08-27 21:38:10,A Ivy t√° gr√°vida n√£o gostava dela no #Faustao
monstxrliar,2017-08-27 21:37:50,"RT @bonitindemais: NA MADRUGADA ABANDONADAA, MINHA PERLA TA VIVAAAAA #DingDong #Faustao https://t.co/kvHyAuxRC7"
leandroconexao,2017-08-27 21:36:50,Quando Faust√£o vai cansar desse bal√© todo desigual? #Faustao #DingDong
OTioUai,2017-08-27 21:36:26,"RT @bonitindemais: NA MADRUGADA ABANDONADAA, MINHA PERLA TA VIVAAAAA #DingDong #Faustao https://t.co/kvHyAuxRC7"
Laura_Manzini,2017-08-27 21:35:42,"RT @bonitindemais: NA MADRUGADA ABANDONADAA, MINHA PERLA TA VIVAAAAA #DingDong #Faustao https://t.co/kvHyAuxRC7"
REIMALFOY,2017-08-27 21:34:44,"RT @bonitindemais: NA MADRUGADA ABANDONADAA, MINHA PERLA TA VIVAAAAA #DingDong #Faustao https://t.co/kvHyAuxRC7"
luanswolf,2017-08-27 21:34:40,"RT @bonitindemais: NA MADRUGADA ABANDONADAA, MINHA PERLA TA VIVAAAAA #DingDong #Faustao https://t.co/kvHyAuxRC7"
_pauloanderson,2017-08-27 21:34:26,"RT @bonitindemais: NA MADRUGADA ABANDONADAA, MINHA PERLA TA VIVAAAAA #DingDong #Faustao https://t.co/kvHyAuxRC7"
maluacostaPF,2017-08-27 21:34:04,"RT @bonitindemais: ""Quem √© rainha nunca perde a majestade"" Perla j√° volta com indiretas eu gosto assim #DingDong #Faustao"
perllareal,2017-08-27 21:33:53,"RT @bonitindemais: NA MADRUGADA ABANDONADAA, MINHA PERLA TA VIVAAAAA #DingDong #Faustao https://t.co/kvHyAuxRC7"
bru__1D,2017-08-27 21:32:59,"RT @bonitindemais: NA MADRUGADA ABANDONADAA, MINHA PERLA TA VIVAAAAA #DingDong #Faustao https://t.co/kvHyAuxRC7"
fontoura_m,2017-08-27 21:32:50,"RT @bonitindemais: NA MADRUGADA ABANDONADAA, MINHA PERLA TA VIVAAAAA #DingDong #Faustao https://t.co/kvHyAuxRC7"
angelomelofla,2017-08-27 21:32:29,"RT @bonitindemais: NA MADRUGADA ABANDONADAA, MINHA PERLA TA VIVAAAAA #DingDong #Faustao https://t.co/kvHyAuxRC7"
98jecrf,2017-08-27 21:32:19,"RT @bonitindemais: NA MADRUGADA ABANDONADAA, MINHA PERLA TA VIVAAAAA #DingDong #Faustao https://t.co/kvHyAuxRC7"
renault_pires,2017-08-27 21:32:14,"RT @bonitindemais: NA MADRUGADA ABANDONADAA, MINHA PERLA TA VIVAAAAA #DingDong #Faustao https://t.co/kvHyAuxRC7"
Aang2017,2017-08-27 21:31:55,"RT @bonitindemais: NA MADRUGADA ABANDONADAA, MINHA PERLA TA VIVAAAAA #DingDong #Faustao https://t.co/kvHyAuxRC7"
luana_pvls,2017-08-27 21:31:39,"RT @bonitindemais: Verdadeira dona do funk pode entrar Perla 
DEU MOLE PRA CARAMBA TREMENDO VACIL√ÉO
#DingDong #Faustao https://t.co/FxwFCoH‚Ä¶"
luana_pvls,2017-08-27 21:31:13,"RT @bonitindemais: NA MADRUGADA ABANDONADAA, MINHA PERLA TA VIVAAAAA #DingDong #Faustao https://t.co/kvHyAuxRC7"
Marilia_Monte,2017-08-27 21:30:56,"RT @bonitindemais: NA MADRUGADA ABANDONADAA, MINHA PERLA TA VIVAAAAA #DingDong #Faustao https://t.co/kvHyAuxRC7"
MarcusBoladu,2017-08-27 21:30:45,"RT @bonitindemais: NA MADRUGADA ABANDONADAA, MINHA PERLA TA VIVAAAAA #DingDong #Faustao https://t.co/kvHyAuxRC7"
claudiofc14,2017-08-27 21:30:41,"Povo chato pra julgar, essa gera√ß√£o mimimi √© um saco. @perllareal muito maravilhosa ‚ù§üòç  #DingDong #Faust√£o #Perlla‚Ä¶ https://t.co/UiY3wWyWSN"
Paulo_Toxic,2017-08-27 21:30:14,#faustao Vai pedir dinheiro pro governo.... vergonha na cara
Lmarcotulio,2017-08-27 21:30:10,"""Fui ali aprender mais um pouquinho no gospel e voltei""üëâPerlla Traduzindo: Cai no ostracismo fui l√°, a mina secou, voltei #Faust√£o"
Kcamila_s,2017-08-27 21:30:09,"RT @bonitindemais: NA MADRUGADA ABANDONADAA, MINHA PERLA TA VIVAAAAA #DingDong #Faustao https://t.co/kvHyAuxRC7"
snanda0,2017-08-27 21:29:27,"RT @bonitindemais: NA MADRUGADA ABANDONADAA, MINHA PERLA TA VIVAAAAA #DingDong #Faustao https://t.co/kvHyAuxRC7"
Raffah_Pinheiro,2017-08-27 21:29:27,"RT @bonitindemais: ""Quem √© rainha nunca perde a majestade"" Perla j√° volta com indiretas eu gosto assim #DingDong #Faustao"
_Amanda_123,2017-08-27 21:29:27,"RT @bonitindemais: NA MADRUGADA ABANDONADAA, MINHA PERLA TA VIVAAAAA #DingDong #Faustao https://t.co/kvHyAuxRC7"
stylesplebeu,2017-08-27 21:28:46,"RT @bonitindemais: NA MADRUGADA ABANDONADAA, MINHA PERLA TA VIVAAAAA #DingDong #Faustao https://t.co/kvHyAuxRC7"
CRFDud4,2017-08-27 21:28:45,"RT @bonitindemais: NA MADRUGADA ABANDONADAA, MINHA PERLA TA VIVAAAAA #DingDong #Faustao https://t.co/kvHyAuxRC7"
vrcezario,2017-08-27 21:28:33,J√° teve Pabllo Vittar no #Faust√£o?
lovato_abusada,2017-08-27 21:28:32,"RT @bonitindemais: NA MADRUGADA ABANDONADAA, MINHA PERLA TA VIVAAAAA #DingDong #Faustao https://t.co/kvHyAuxRC7"
kdasBeccaBitch,2017-08-27 21:28:24,"RT @bonitindemais: NA MADRUGADA ABANDONADAA, MINHA PERLA TA VIVAAAAA #DingDong #Faustao https://t.co/kvHyAuxRC7"
Raffah_Pinheiro,2017-08-27 21:28:22,"RT @guigoandradde: Perlla nera irm√£ obreira, nera?! 
#DingDong #Doming√£o #Faust√£o"
besantovitti,2017-08-27 21:28:17,"RT @bonitindemais: NA MADRUGADA ABANDONADAA, MINHA PERLA TA VIVAAAAA #DingDong #Faustao https://t.co/kvHyAuxRC7"
bodesays,2017-08-27 21:28:16,"RT @bonitindemais: NA MADRUGADA ABANDONADAA, MINHA PERLA TA VIVAAAAA #DingDong #Faustao https://t.co/kvHyAuxRC7"
edu_beorlegui,2017-08-27 21:28:14,"RT @bonitindemais: NA MADRUGADA ABANDONADAA, MINHA PERLA TA VIVAAAAA #DingDong #Faustao https://t.co/kvHyAuxRC7"
rafaela_rizzo,2017-08-27 21:28:04,"RT @bonitindemais: NA MADRUGADA ABANDONADAA, MINHA PERLA TA VIVAAAAA #DingDong #Faustao https://t.co/kvHyAuxRC7"
mardybgg,2017-08-27 21:28:04,"RT @bonitindemais: NA MADRUGADA ABANDONADAA, MINHA PERLA TA VIVAAAAA #DingDong #Faustao https://t.co/kvHyAuxRC7"
unknow_creature,2017-08-27 21:27:56,"RT @bonitindemais: NA MADRUGADA ABANDONADAA, MINHA PERLA TA VIVAAAAA #DingDong #Faustao https://t.co/kvHyAuxRC7"
Sugandinho,2017-08-27 21:27:55,"RT @bonitindemais: NA MADRUGADA ABANDONADAA, MINHA PERLA TA VIVAAAAA #DingDong #Faustao https://t.co/kvHyAuxRC7"
bonitindemais,2017-08-27 21:27:44,"""Quem √© rainha nunca perde a majestade"" Perla j√° volta com indiretas eu gosto assim #DingDong #Faustao"
gabrieltd_,2017-08-27 21:27:39,T√° na hora de ter Vai Embrazando no #Faustao
dedelukas1,2017-08-27 21:27:23,"RT @bonitindemais: NA MADRUGADA ABANDONADAA, MINHA PERLA TA VIVAAAAA #DingDong #Faustao https://t.co/kvHyAuxRC7"
Vittisgirl,2017-08-27 21:27:21,"RT @bonitindemais: NA MADRUGADA ABANDONADAA, MINHA PERLA TA VIVAAAAA #DingDong #Faustao https://t.co/kvHyAuxRC7"
mundodepetit,2017-08-27 21:27:05,To morrendo com #Perlla tentando fazer o barro acontecer üòÇ #meangirls #Faust√£o https://t.co/UkreXGIM3Q
karlaparada,2017-08-27 21:27:01,"Gente pelo amor, o q fizeram na Sombrancelha da Perlla.... S√≥ Jesus
#faust√£o"
tha_isaa,2017-08-27 21:26:37,"RT @bonitindemais: NA MADRUGADA ABANDONADAA, MINHA PERLA TA VIVAAAAA #DingDong #Faustao https://t.co/kvHyAuxRC7"
httpsrealitys,2017-08-27 21:26:30,"cantou sem playblack, j√° ganhou pontos #DingDong #Faust√£o"
gabrieltd_,2017-08-27 21:26:30,"18h25 e acabou a segunda atra√ß√£o do Ding Dong
Ser√° que teremos s√≥cio do Perdidos pra ficar meia hora? #Faustao"
carpejenious,2017-08-27 21:26:22,"Viu que Anitta ta ganhando rios de dinheiro, e resolveu ""voltar pro pecado"" uahauaha muito ruim essa Perlla #faustao"
Paixaobrunosou,2017-08-27 21:26:22,"Ator Leonardo Vieira cr√≠tica sobrancelha de Perla em seu Instagram
#dingdong 
#Faust√£o"
Berry_Rak,2017-08-27 21:26:17,"RT @bonitindemais: NA MADRUGADA ABANDONADAA, MINHA PERLA TA VIVAAAAA #DingDong #Faustao https://t.co/kvHyAuxRC7"
Robertin1120,2017-08-27 21:26:13,"S√≥ achei que essa m√∫sica da perllla indireta pra anitta ??????
#Faustao #dingdong"
vrcezario,2017-08-27 21:26:08,Que √≥tima essa m√∫sica nova da Perlla #Faust√£o
Brunoaybal,2017-08-27 21:25:58,"Perlla √© muito ruim, repassem. #Faustao #dingdong"
pftgaga,2017-08-27 21:25:56,"RT @bonitindemais: NA MADRUGADA ABANDONADAA, MINHA PERLA TA VIVAAAAA #DingDong #Faustao https://t.co/kvHyAuxRC7"
areosa_louize,2017-08-27 21:25:54,"RT @bonitindemais: NA MADRUGADA ABANDONADAA, MINHA PERLA TA VIVAAAAA #DingDong #Faustao https://t.co/kvHyAuxRC7"
thuanunesalves,2017-08-27 21:25:36,"RT @DeiseDevalho: Perla, decida-se meu bem! 
Essa sua voz de ""funk gospel"" n√£o deu certo. #faustao"
httpsrealitys,2017-08-27 21:25:35,"""Quem √© rainha nunca perde a majestade"" Escutou Miley Cyrus? #DingDong #Faust√£o"
realshipper_,2017-08-27 21:25:35,"RT @bonitindemais: NA MADRUGADA ABANDONADAA, MINHA PERLA TA VIVAAAAA #DingDong #Faustao https://t.co/kvHyAuxRC7"
stopmariaa,2017-08-27 21:25:34,"RT @bonitindemais: NA MADRUGADA ABANDONADAA, MINHA PERLA TA VIVAAAAA #DingDong #Faustao https://t.co/kvHyAuxRC7"
rainha_DL,2017-08-27 21:25:23,"RT @bonitindemais: NA MADRUGADA ABANDONADAA, MINHA PERLA TA VIVAAAAA #DingDong #Faustao https://t.co/kvHyAuxRC7"
thuanunesalves,2017-08-27 21:25:21,RT @Euert0n: Perlla voltou pro mundo #dingdong #Faust√£o
vitoriabcrf_,2017-08-27 21:25:14,"RT @bonitindemais: NA MADRUGADA ABANDONADAA, MINHA PERLA TA VIVAAAAA #DingDong #Faustao https://t.co/kvHyAuxRC7"
braanque,2017-08-27 21:25:13,"uh verdade, uh verdade, quem √© rainha nunca perde a majestade #faustao"
emmanuelsantoo,2017-08-27 21:25:09,RT @LeaaBeckman: #faust√£o falou Nil√≥polis
thuanunesalves,2017-08-27 21:25:06,"RT @guigoandradde: Perlla nera irm√£ obreira, nera?! 
#DingDong #Doming√£o #Faust√£o"
spfc1000hands,2017-08-27 21:25:06,"RT @bonitindemais: NA MADRUGADA ABANDONADAA, MINHA PERLA TA VIVAAAAA #DingDong #Faustao https://t.co/kvHyAuxRC7"
gabrieltd_,2017-08-27 21:25:02,A empolga√ß√£o da Bruna #Faustao
Bel_Marra,2017-08-27 21:24:58,Quando o #Faustao come√ßa a falar que fulana √© um exemplo de cidad√£ e que sabe seu lugar na sociedade... #DingDong‚Ä¶ https://t.co/UFsdy9WueX
danigagalover,2017-08-27 21:24:57,"RT @bonitindemais: NA MADRUGADA ABANDONADAA, MINHA PERLA TA VIVAAAAA #DingDong #Faustao https://t.co/kvHyAuxRC7"
gabrielmusskopf,2017-08-27 21:24:53,Uouu Perlla voltou #faustao
WeslleyFarias13,2017-08-27 21:24:43,"√â linda a perla, sumidinha üòÇüòç 
#faust√£o"
Lmarcotulio,2017-08-27 21:24:43,O que √© a Perla do funk cantando ao vivo? Kkkk P√©ssima!!! #Faust√£o
SerpaMichel,2017-08-27 21:24:36,"Boa essa m√∫sica nova da Perlla, n√©? #Faust√£o"
Mafia_boa,2017-08-27 21:24:33,"RT @Paixaobrunosou: Perla tem uma segunda m√∫sica pra cantar ou vai fazer capela de temendo vacil√£o?
#dingdong 
#Faust√£o"
thuanunesalves,2017-08-27 21:24:29,Caralho essa foi foda sair do Funk ir pro gospel e voltar pro Funk isso √© feio.... #Faust√£o
ervamellik,2017-08-27 21:24:27,"RT @bonitindemais: NA MADRUGADA ABANDONADAA, MINHA PERLA TA VIVAAAAA #DingDong #Faustao https://t.co/kvHyAuxRC7"
Mafia_boa,2017-08-27 21:24:26,"RT @guigoandradde: Perlla nera irm√£ obreira, nera?! 
#DingDong #Doming√£o #Faust√£o"
EvelynTaina,2017-08-27 21:24:24,"Perlla ainda t√° achando q t√° cantando na igreja, que termina√ß√£o √© essa nas palavras #faustao"
mexericx,2017-08-27 21:24:19,"RT @bonitindemais: NA MADRUGADA ABANDONADAA, MINHA PERLA TA VIVAAAAA #DingDong #Faustao https://t.co/kvHyAuxRC7"
searchyuna,2017-08-27 21:24:17,"RT @bonitindemais: NA MADRUGADA ABANDONADAA, MINHA PERLA TA VIVAAAAA #DingDong #Faustao https://t.co/kvHyAuxRC7"
LeaaBeckman,2017-08-27 21:24:16,#faust√£o falou Nil√≥polis
LuizHalann,2017-08-27 21:24:15,Perla ainda t√° viva ??? Ela era a @Anitta de poucos anos atr√°s !!!! Olha como as pessoas s√£o esquecidas gente !!! #Faust√£o
httpsrealitys,2017-08-27 21:24:12,"A PERLLA, MORTO #DingDong #Faust√£o"
guigoandradde,2017-08-27 21:24:01,"Perlla nera irm√£ obreira, nera?! 
#DingDong #Doming√£o #Faust√£o"
Paixaobrunosou,2017-08-27 21:23:59,"Perla tem uma segunda m√∫sica pra cantar ou vai fazer capela de temendo vacil√£o?
#dingdong 
#Faust√£o"
cassio_comce,2017-08-27 21:23:58,Perlla voltou pro funk cantando como se fosse gospel... #Faustao
_ThiMendess,2017-08-27 21:23:54,Perlla de volta ao funk. Princesinha nunca devia ter abandonado. üòâüíñüé∂ #Doming√£oDoFaust√£o #Faust√£o
Euert0n,2017-08-27 21:23:54,Perlla voltou pro mundo #dingdong #Faust√£o
Felipe_Oif,2017-08-27 21:23:51,"vai querer fazer pink money em outro lugar fia, bjs #faust√£o"
Robertin1120,2017-08-27 21:23:39,"Perlla rainha do funk üòçüòçüíú
#Faustao #dingdong"
pattryckk23,2017-08-27 21:23:26,"Tremendo vacil√£o üé∂ üé∂ 
#DingDong #Faust√£o https://t.co/NJYAIhBeWb"
DeiseDevalho,2017-08-27 21:23:25,"Perla, decida-se meu bem! 
Essa sua voz de ""funk gospel"" n√£o deu certo. #faustao"
juba_valentim,2017-08-27 21:23:20,"Viaaaaaaaaaado tremendo vacil√£o..
Isso √© muito antigo
#DingDong
#Faustao"
iamnaille,2017-08-27 21:23:16,"RT @bonitindemais: NA MADRUGADA ABANDONADAA, MINHA PERLA TA VIVAAAAA #DingDong #Faustao https://t.co/kvHyAuxRC7"
bonitindemais,2017-08-27 21:23:16,"Verdadeira dona do funk pode entrar Perla 
DEU MOLE PRA CARAMBA TREMENDO VACIL√ÉO
#DingDong #Faustao https://t.co/FxwFCoHTnM"
beaTROPIX,2017-08-27 21:23:12,"RT @bonitindemais: NA MADRUGADA ABANDONADAA, MINHA PERLA TA VIVAAAAA #DingDong #Faustao https://t.co/kvHyAuxRC7"
DuduMon,2017-08-27 21:23:06,Esse #DingDong do #Faust√£o √© mor #TBT da gera√ß√£o Coca-Cola hehehe
Dani_ela00,2017-08-27 21:23:02,"Ela t√° com uma pegada de cantora gospel ainda, kkkk. Engra√ßado #Faustao  #DingDong"
dayenecardoso,2017-08-27 21:22:57,Olha a Perlla rs #Faustao
TainCarvalho22,2017-08-27 21:22:57,A Perlla est√° com a voz estranha ou √© impress√£o minha?! #faustao
ValquiriaRuiva,2017-08-27 21:22:56,"#DingDong.  #Faust√£o 

√â A Perlla Funkeira Crente? üòçüòÉ"
Felipe_Oif,2017-08-27 21:22:54,"A crente funkeira t√° mais fanha que o normal, socorro #faust√£o"
ElaneVivi15,2017-08-27 21:22:54,"RT @bonitindemais: NA MADRUGADA ABANDONADAA, MINHA PERLA TA VIVAAAAA #DingDong #Faustao https://t.co/kvHyAuxRC7"
braanque,2017-08-27 21:22:41,deu mole pra caramba tremendo vacilao.... HINOOOOOO #faustao
NKeylle,2017-08-27 21:22:30,"Liguei a tv no #Faust√£o t√° a Perla cantando, me senti em 2011
""DEU MOLE PRA CARAMBA TRMENDO VACIL√ÉO"""
cj_cabo,2017-08-27 21:22:24,"Perlla no Faust√£o, estou literalmente me sentindo em 2005.
Inclusive Tremendo Vacil√£o era toque do meu celular na √©poca.
#Faustao"
LeaaBeckman,2017-08-27 21:22:24,A voz da perla est√° igual quando eu fico resfriada #Faust√£o
vrcezario,2017-08-27 21:22:18,"Adorava uma m√∫sica da Perlla com o Latino, mas n√£o lembro o nome #Faust√£o"
andersonmiller2,2017-08-27 21:22:12,"Perlla evang√©lica is dead
Am√©m!  #Faust√£o"
MelissaFJasmine,2017-08-27 21:22:04,Que voz estranha da Perlla t√° meio crente!! #dingdong #Faustao
MusaCarolDias,2017-08-27 21:22:01,Perlla ta de volta BRASEEEEL #FAUST√ÉO
thalia_paiva,2017-08-27 21:22:01,"RT @bonitindemais: NA MADRUGADA ABANDONADAA, MINHA PERLA TA VIVAAAAA #DingDong #Faustao https://t.co/kvHyAuxRC7"
DaniloCariolan1,2017-08-27 21:21:56,"DEU MOLE PRA CARAMBA 
TREMENDO VACIL√ÉO ! MINHA PERLA T√Å VIVAAAAAA #Faust√£o"
jorgeffonseca,2017-08-27 21:21:54,Perla no #Faust√£o. üòçüòçüòçüòç Se segura Anitta pq a rainha voltou!!!!
danielpereirarj,2017-08-27 21:21:53,"Perla foi ali, deu uma rezada e voltou - ta diferente #Faust√£o"
Mari_IVMartins,2017-08-27 21:21:50,"RT @bonitindemais: NA MADRUGADA ABANDONADAA, MINHA PERLA TA VIVAAAAA #DingDong #Faustao https://t.co/kvHyAuxRC7"
FabianoMarvila,2017-08-27 21:21:44,Olha! A Perlla desgospou üò± #dingdong #faust√£o #perlla
PortilhoElvys,2017-08-27 21:21:41,"RT @bonitindemais: NA MADRUGADA ABANDONADAA, MINHA PERLA TA VIVAAAAA #DingDong #Faustao https://t.co/kvHyAuxRC7"
marciofla,2017-08-27 21:21:29,"Perlla deixou de cantar gospel pq nao tava dando dinheiro, fiel demais a Deus auhauhau #Faustao"
dioguloso,2017-08-27 21:21:21,Perlla t√° bonita n√©? #Faust√£o
jan_js,2017-08-27 21:21:19,Que que essa escrota dessa #Perla t√° fazendo na TV gente?!!! #dingdong #Faustao
NHCBreezy,2017-08-27 21:21:10,Deu mole pra caramba tremendo vacil√£o #Faust√£o
tatiaponte,2017-08-27 21:20:54,"Deu mole pra caramba, tremendo vacil√£o üòé#dingdong #faustao"
bonitindemais,2017-08-27 21:20:54,"NA MADRUGADA ABANDONADAA, MINHA PERLA TA VIVAAAAA #DingDong #Faustao https://t.co/kvHyAuxRC7"
vrcezario,2017-08-27 21:20:51,"DEU MOLE PRA CARAMBA 
TREMENDO VACIL√ÉO #Faust√£o"
iamnaille,2017-08-27 21:20:37,"RT @Paixaobrunosou: Bruna Linzmeyer quem sabe lacra ao vivo, bicho
#dingdong 
#Faust√£o"
Raelchu,2017-08-27 21:20:35,Perlla ainda existe? #Faust√£o ressuscitando rs
_Scotteiro,2017-08-27 21:20:14,Ah l√° a Perla pra vcs no #Faustao
Paixaobrunosou,2017-08-27 21:20:06,"Bruna Linzmeyer quem sabe lacra ao vivo, bicho
#dingdong 
#Faust√£o"
tatiaponte,2017-08-27 21:19:56,Perlla voltou pro Funk! #dingdong #faustao
Senhoritacom,2017-08-27 21:19:56,Eu n acredito q c #dingdong e dan√ßa dos famosos #Faust√£o se tornou a melhor coisa de domingo
vrcezario,2017-08-27 21:19:48,A homof√≥bica da Perlla no #Faust√£o
ElianaDiGiacomo,2017-08-27 21:17:59,#Faustao eu n√£o sou hip√≥crita
tatiaponte,2017-08-27 21:17:35,Bruna √© muito corajosa! #dingdong #faustao
tatiaponte,2017-08-27 21:17:17,Bruna √© muito linda!! #dingdong #faustao
brazilimemes,2017-08-27 21:16:18,"A√™ a√™ a√™ a√™ 
Eh eh eh eh 
Oh o o o o
#Faust√£o #DingDong https://t.co/z7ZbggG1oL"
ribeircp,2017-08-27 21:15:03,Essa vocalista da Banda Mel √© uma cruza de Alcione com Roberta Miranda... #Doming√£o #Faust√£o
bergaraujosilva,2017-08-27 21:14:00,"Meu deus isso me d√° uma saudade daquela Barra ondina, vem fevereiro üòçüòçüòçüòç #BandaMel #Dingdong #Faustao"
MsShe_,2017-08-27 21:13:11,"Banda Mel no quadro #DingDong, isso sim √© volta ao passado e as paradas de sucesso #faustao"
tatiaponte,2017-08-27 21:13:10,"Banda Mel, gente?? #dingdong #faustao"
Paixaobrunosou,2017-08-27 21:12:43,"A√™ a√™ a√™ a√™ 
Eh eh eh eh 
Oh o o o o
#dingdong 
#Faust√£o"
RaiContreiras,2017-08-27 21:11:55,"NUMA NOVA ESTA√á√ÉO
TE ESPERO NO VER√ÉO
SALVE SALVADOR....üéßüéº #Faust√£o"
marciofla,2017-08-27 21:11:51,essa m√∫sica da baMda mel √© um hino #Faustao
maryfelixbh,2017-08-27 21:10:51,"#Faust√£o eu tb√©m concordo que o povo,a m√≠dia e as grandes empresas t√™m que saber votar.
N√£o podemos votar em pol√≠tico corrupto com provas."
bergaraujosilva,2017-08-27 21:10:41,Todo #DingDong #Faustao vem levando cantores de ax√© para o quadro. Parab√©ns a Globo e ao Faust√£o por n√£o deixar esse ritmo morrer.
_felipebertochi,2017-08-27 21:09:19,"RT @eufeoliveira: Come√ßou o #Faust√£o, 6 minutos de programa e j√° est√° falando da situa√ß√£o do pa√≠s. √â #DingDong ou algum programa da @GloboN‚Ä¶"
Paixaobrunosou,2017-08-27 21:08:01,"Ser√° q vai ter @pabllovittar nesse #DingDong? 
#Faust√£o"
eufeoliveira,2017-08-27 21:08:01,"Come√ßou o #Faust√£o, 6 minutos de programa e j√° est√° falando da situa√ß√£o do pa√≠s. √â #DingDong ou algum programa da @GloboNews?!"
tonyzosp,2017-08-27 21:07:07,Hoje t√° calor e o #Faust√£o com casaco de couro kkk #Doming√£oDoFaust√£o #DingDong https://t.co/hahXk28YNn
togedmaru,2017-08-27 21:06:11,"@brunalinzmeyer maravilhosa, escuta @pabllovittar ‚ù§‚ù§#Faust√£o #DingDong"
Betochavesmore1,2017-08-27 21:05:56,O v√≠deo do Jair Bolsonaro que os gays n√£o conseguem assistir! Muito legal. ü§°ü§°#Popstar #faustao @srdeabo @JQTEIXEIRA‚Ä¶ https://t.co/HHfOWYL1jC
tiaonoveleiro,2017-08-27 21:04:10,S√≥ eu que acho que tinha que ser SEIS campainhas no #DingDong? #Faust√£o
iCloudio_,2017-08-27 21:03:50,Vai come√ßar PingPong no #Faustao
jotapeferreira,2017-08-27 21:03:17,N√£o vou mentir: Ding Dong j√° deu o que tinha que dar. Ta na hora de mudar de quadro. #Faust√£o #dingdong
joshuagabriel22,2017-08-27 21:01:40,E come√ßa o super #DomingaoDoFaustao na sua Televis√£o meu... #Faustao #DingDong
tiaonoveleiro,2017-08-27 20:59:32,Chegando pro melhor quadro do #Faust√£o #DingDong. Boa noite AMIGOS SEGUIDORES. https://t.co/TdnzP09BNl
EuIngridVieira,2017-08-27 16:33:57,E hj √© por aki #plinplin #domingaodofaustao #doming√£odofaust√£o #Faustao #RedeGlobo #Globo #Tv‚Ä¶ https://t.co/2tp1WlXkqO
vittorvtt,2017-08-27 05:34:30,Enquanto uns dormem tranquilo outros sonham com a liberdade!! ‚úåüîì #faust√£o
edupipa,2017-08-27 03:10:09,RT @Johleno: Quando eu me vejo no espelho e me lembro de que sou eu. #Faustao https://t.co/ndwsOXLtez
Johleno,2017-08-27 03:07:17,Quando eu me vejo no espelho e me lembro de que sou eu. #Faustao https://t.co/ndwsOXLtez
ximenmalhador,2017-08-27 00:42:25,"Aten√ß√£o Norte e Nordeste, ou√ßam o Lula diz de vcs. E depois ainda acreditarem nele INTERNEM-SE!
https://t.co/XBz02PzUiA
#Fantastico #faustao"
rilectuli1979,2017-08-26 22:23:09,RT @Pousadadouro: #faustao  horr√≠vel #Sidneymagal na dan√ßa dos famosos
turbilhaotv,2017-08-26 21:21:42,"E por falar em #ClubedoBolinha #ChacrinhaNoViva, ah, o #Faust√£o com Perdidos na Noite, tamb√©m teve cl√°ssica abertura https://t.co/ghO1m8Ii2a"
meprometeluanr,2017-08-24 21:05:14,RT @luansantana: Hahaha comeeedia DEMAIS esse #Faustao hj eim amors?! Gostaram?!
Gauchoamigos_ls,2017-08-24 21:04:29,RT @luansantana: Hahaha comeeedia DEMAIS esse #Faustao hj eim amors?! Gostaram?!
teffynha7,2017-08-24 18:30:09,RT @ofcmckevinho: Ontem realizado um dos maiores sonhos da minha vida! #Faust√£o ‚ù§Ô∏è
teffynha7,2017-08-24 18:29:53,"RT @ofcmckevinho: Nada √© imposs√≠vel! Obrigado meu Deus por todas as conquistas, tenho os melhores f√£s do mundo! ‚ù§Ô∏èüò≠ #Faust√£o #C√™Acredita #D‚Ä¶"
naldotv,2017-08-24 05:25:10,"RT @newsafazenda9: Nossa como era bom os domingos na Tv nos #Anos90
#Gugu e #Faust√£o Junotos. 
#ProgramaDoPorchat"
newsafazenda9,2017-08-24 03:47:41,"Nossa como era bom os domingos na Tv nos #Anos90
#Gugu e #Faust√£o Junotos. 
#ProgramaDoPorchat"
