RT @GATO_PRETO1: Aproveita jÃ¡ ajuda o meu https://t.co/oYuOAqYphO #Temblor #MasterChef #turnodanoite #kirmizicizgi #ì„¸ìš´ì•„_ë°ë·”ì¶•í•˜í•´ #åˆéŸ³ãƒŸã‚¯ç”Ÿèª•ç¥­2017â€¦,0
Aproveita jÃ¡ ajuda o meu https://t.co/oYuOAqYphO #Temblor #MasterChef #turnodanoite #kirmizicizgi #ì„¸ìš´ì•„_ë°ë·”ì¶•í•˜í•´â€¦ https://t.co/FsoHyamvTO,0
"Minha Lista, Nicole, Bom Bom, Denise, Lu Squievano Barbara #ACasa, Arithana #MasterChef e Ana Paula Blau Blau#AFazendaNovaChance #Afazenda9",0
Acabei de fazer a melhor omelete do universo #masterchef,1
#glamour #masterchef #vivendosozinhoemsp em Jardim Paulista https://t.co/O8FYEpPEH2,0
"a jamyly gritando pela tauba
eu ri muuuuuuito
#masterchef",1
#DaysePaparoto fala sobre #gastronomia na Feira @guiadoestudante: https://t.co/OYug8XIRV3 - #culinÃ¡ria #masterchefâ€¦ https://t.co/mC1moH9O5n,0
"mano, como alguÃ©m pode ser alÃ©rgico a cebola? 
que tristeeee
#masterchef",-1
"Martin saiu :( 
#masterchef",-1
"A Band agora vive desse #Masterchef, que jÃ¡ estÃ¡ saturado. Outra emissora que se acomodou. SÃ³ presta o jornalismo.
https://t.co/WbV5HUwu1i",-1
Mohamed tava tÃ£o caladinho nessa prova que tambÃ©m nem notei a presenÃ§a dele no episÃ³dio de hoje ğŸ˜‚ #masterchef,-1
Enche a barriga de salsicha pa depois assistir #masterchef  sem fome! Coisa q n adianta mto. Pobre tem fome sempre!â€¦ https://t.co/fyipX5KyZh,-1
"Oi, eu que fiz! ğŸ˜ #masterchef kkkkkk https://t.co/mXyYiIhbCS",0
RT @leveclevi: MasterChef acaba hoje Ã© dia 05 jÃ¡ comeÃ§a MasterChef profissionais!! Foi a gnt que pediu #MasterChef https://t.co/m2eLxRRHdh,1
"@cfcbela TÃ¡ faltando salsa e Cebolinha, um pouco de crocancia #masterchef kkkkkkk",-1
"AlmoÃ§o bÃ¡sico de hj.ğŸ˜†

#masterchef #costela #noforno #food #gourmet #likeforlike #beer #almocoâ€¦ https://t.co/uwwCIuOMTu",0
ColeÃ§Ã£o de livros de #receitas vegetarianas para download https://t.co/1j4cqx1tl4 #culinaria #Vegan #vegetarianismo #MasterChef #Cozinha,0
Partiu colocar meu lado #MasterChef em prÃ¡tica ğŸ®ğŸ˜‹ â€” se sentindo animado,1
"RT @Artes_Depressao: VocÃª quer?
#ArtesDepressÃ£o #MasterChefBR #MasterChef
(Beije-me e vocÃª beijarÃ¡ as MoÃ§as - Lilly Martin Spencer) https:/â€¦",0
a melhor MasterChef que vocÃª respeita! ğŸ‘©ğŸ½â€ğŸ³ #michelecrispim #masterchef #masterchefbrasil emâ€¦ https://t.co/A0LHc2PMnY,1
"Masterchef e Miss Brasil comandam Twitter
https://t.co/mdY14wQJkb 

#MasterChef 
#MissBrasil 
#MasterChefBR https://t.co/lVRGCgfYcI",1
"Masterchef e Miss Brasil comandam Twitter
https://t.co/rFWvhai27W

#MasterChef 
#MissBrasil 
#MasterChefBR https://t.co/Ry1HGe9kx2",1
#MasterChef Ã© lixo rs... #Cozinha da madrugada. #VidaDeSolteiro https://t.co/ASbmHVYD4G,-1
Quando vocÃª Ã© fÃ£ de um programa assiste o ano inteiro #MasterChef https://t.co/JXEd5oZ1hW,1
Alex Atala emocionado com o #Masterchef Junior. Muito lindo. Mesmo eu nÃ£o gostando de crianÃ§a na tv eles eram incrÃ­veis,1
"@anapaulapadrao @BandTV Nossa, que saudade do #MasterChef JÃºnior. Foi aonde comecei a ver e gostar do programa.",1
"RT @from_Angelss: AlguÃ©m por favor faz um gif dessa cena da Ana Paula 
Bastidores do #MasterChef",0
"RT @danttttas: A #Band tÃ¡ exibindo um doc de bastidores do #Masterchef, na perpesctiva da Ana Paula PadrÃ£o. TÃ¡ demais, vale... https://t.coâ€¦",1
"#masterchef
EstÃ¡ sendo Ã³timo,esses bastidores",1
#masterchef cara tudo de bomğŸ˜estou ligadinha como sempreğŸ˜˜ğŸ˜˜,1
"Muito top as gravaÃ§Ãµes do masterchef
#masterchef 
#app.doc",1
#MasterChefBR Ã© show. Muito bom #Masterchef,1
"A #Band tÃ¡ exibindo um doc de bastidores do #Masterchef, na perpesctiva da Ana Paula PadrÃ£o. TÃ¡ demais, vale... https://t.co/t7lfozrn1s",1
"sem + uniso
sem + consÃ³rcio da casa
sem + antigo salÃ¡rio
sem + terÃ§as de #masterchef 
sem + vontade pra nada",0
Quem estÃ¡ assistindo bastidores do #MasterChef,0
ExposiÃ§Ã£o bacana do #MasterChef bastidores do programa #EquipeTop #AnaPaulaPadraoDoc,1
"AlguÃ©m por favor faz um gif dessa cena da Ana Paula 
Bastidores do #MasterChef",0
"Porra, jÃ¡ vai ter outro #MasterChef. Todo mundo vai enjoar deste jeito",-1
@anapaulapadrao sensacional o programa de bastidores do masterchef! VocÃª conduz com maestria! ğŸ‘ğŸ»ğŸ‘ğŸ»ğŸ‘ğŸ»ğŸ‘ğŸ»ğŸ‘ğŸ» #MasterChef #anapaulapadraodoc,1
"#TVPORAQUI acompanha Os Bastidores do #masterchef no ""Ana Paula PadrÃ£o.doc"" na tela da #Band #tvâ€¦ https://t.co/8x9nD3tLUw",0
Maior vontade de experimentar essas comidas. Sorte que consegui comer a da FÃ¡dia. Bicha foda e talentosa ğŸ‘ŒğŸ¼ #anapaulapadraodoc #Masterchef,1
Muito legal ver os bastidores do #MasterChef no AnaPaulaPadrÃ£o.doc,1
Esses bastidores do #MasterChef Ã© de qual temporada?,0
"RT @from_Angelss: Adoro esses programas que mostram os backstage
Bastidores do #MasterChef
#AnaPaulaPadrÃ£o.doc",1
NÃ£o tem #MasterChefBR... mas pelo menos tem Ana Paula PadrÃ£o.doc sobre #MasterChef... https://t.co/Ddts54NdvJ,1
"Adoro esses programas que mostram os backstage
Bastidores do #MasterChef
#AnaPaulaPadrÃ£o.doc",1
Gente hoje nÃ£o seria o encontro com todos? #masterchef,0
@masterchefbr Alguma chance de ter um #MasterChef mundial com os campeÃµes de cada paÃ­s?,0
Acabei de assistir: S02E06 de MasterChef (BR)!  #masterchef  https://t.co/EMk4eEeuAQ #tvtime https://t.co/PHPnInSHi5,0
"#MasterChef hoje Ã© sÃ³ bastidores, mas o nome Ã© AnaPaulaPadrÃ£o.doc

Vaidade tÃ¡ falando alto aÃ­, hein?",1
TerÃ§a sem #MasterChef ğŸ˜«ğŸ˜«ğŸ˜«,-1
"@WebTVBrasileira Tati, a Sophia vai participar do #MasterChef? HAHAHAHA ğŸ‘Š https://t.co/I3uwiJ3jcY",0
Adoro berinjela ğŸ† frita. Janta de hoje. #beringela #masterchef #janta #gourmet#masterchefbrasil https://t.co/VBUsUnniii,1
AlguÃ©m sabe dizer se tem #masterchef hoje?,0
"RT @portal_ad: Band estreia nesta terÃ§a-feira (29), o â€œanapaulapadrÃ£o.docâ€  #AnaPaulaPadrÃ£o #Band #Masterchef - https://t.co/pep8vG3Qo8",1
"Ops... tentando fazer alguma coisa comestÃ­vel. 
#MasterChef https://t.co/ocCxJklkZI",1
"Like a #masterchef! ğŸ…ğŸ¥•ğŸŒ¶ğŸ¤ğŸ³ğŸ¥˜ #sqn ğŸ˜‚ğŸ˜‚ğŸ˜‚
.
Quando Ã© o prÃ³ximo #masterchefbr?! ğŸ¤” em Lapa, Rio Deâ€¦ https://t.co/JZeh6Frniz",1
"Gosto de fazer panqueca sÃ³ pela adrenalina de jogar ela pra cima pra vivar. Me sinto muito #MasterChef, mal saabe quem vÃª!",1
Querem apostar o que comigo que mesmo sem #MasterChef #ACasa nÃ£o vai subir no Ibope?,-1
"O q Ã© a separaÃ§Ã£o de Juju Salimeni perto da separaÃ§Ã£o de Baby do Brasil e Casa Grande...

#NovoMundo
#JN
#AForÃ§aDoQuerer 
#Masterchef
#JR",-1
"RT @portal_ad: Band estreia nesta terÃ§a-feira (29), o â€œanapaulapadrÃ£o.docâ€  #AnaPaulaPadrÃ£o #Band #Masterchef - https://t.co/pep8vG3Qo8",1
Ã‰ hora de preparar mais um cardÃ¡pio. #MasterChef #Jantar https://t.co/h9ZRP3qued,1
Adivinha quem vai fazer janta hj???#MasterChefğŸ˜,0
"RT @hemersonalmeid: Estamos com vocÃª Yuko, campeÃ£ do Brasil  #MasterChefBR #MasterChef #FicaYuko https://t.co/VvzZlKtjlc",1
Um dia desses aÃ­ o Alexandre fez um que parecia pedra #masterchef https://t.co/5VgRtXVLb4,-1
"Chef Ã© chef nÃ© pai!

#MasterChef #Engorday #culinaria #follow #followme #youtuber em SÃ£o Paulo,â€¦ https://t.co/9fCl2Xsp1I",1
@_andrssa #Masterchef #faÃ§amaisvzs .Obrigada de nada https://t.co/JmH1pVG421,1
"Band estreia nesta terÃ§a-feira (29), o â€œanapaulapadrÃ£o.docâ€  #AnaPaulaPadrÃ£o #Band #Masterchef - https://t.co/pep8vG3Qo8",1
#MasterChef com Milena Souza https://t.co/ar3GOHh6YT via @YouTube,0
"Imagina um Masterchef
Para culinaristas de TV! Um de cada emissora!
Imagina?
#masterchef",1
O que vÃ£o colocar no lugar de #MasterChef hoje?,0
"O problema de assistir #MasterChef Ã© que bate uma #FOME SINISTRA!!!

#TLC #MasterChefMx https://t.co/LlZdmuNf35",-1
"Agora que acabaram #MasterChef e #GoT, precisamos voltar a dormir sem pensar no episÃ³dio da prÃ³xima semana.",1
Acabei de assistir o episÃ³dio S04E24 de MasterChef (BR)! #masterchef  https://t.co/maCW0dbDwh #tvtime https://t.co/9xMbTcIKa8,0
#folga #gentegorda #masterchef #essecarasoueu ğŸ˜ em Casa Paroquial https://t.co/xERAUS29Y1,0
"Resultado das artimanhas culinÃ¡rias de hoje. ğŸ˜‹
#MasterChef #comer #eating https://t.co/WnoLYT6Xu4",1
Janta de hoje polenta dicas da dona Ivete. Ficou muito bom #masterchef #janta #gourmetâ€¦ https://t.co/Dl6HGDAl9z,1
RT @crkln: Melhor cozinheira #MasterChef https://t.co/LiokBO22Pd,1
Melhor cozinheira #MasterChef https://t.co/LiokBO22Pd,1
"Essa Ã© pra vocÃª que arrasa na cozinha! Panela eletrica por apenas R$ 99,90! confira https://t.co/QliWc4wHqtâ€¦ https://t.co/iN8YddTjAx",1
#masterchef #masterchefbrasil #essecarasoueu #gentegorda em Casa Paroquial https://t.co/CE9us6cJhc,0
RT @leandro666: #masterchef toninho capeta apresentando tÃ¡ faltando muito sal,-1
"RT @ProfessorRios: A @PaolaCarosella manja atÃ© de futebol. Inclusive jÃ¡ no aguardo de um crossover #MasterChef e #FalhaDeCobertura, hein crâ€¦",1
"RT @ProfessorRios: A @PaolaCarosella manja atÃ© de futebol. Inclusive jÃ¡ no aguardo de um crossover #MasterChef e #FalhaDeCobertura, hein crâ€¦",1
"RT @ProfessorRios: A @PaolaCarosella manja atÃ© de futebol. Inclusive jÃ¡ no aguardo de um crossover #MasterChef e #FalhaDeCobertura, hein crâ€¦",1
"A @PaolaCarosella manja atÃ© de futebol. Inclusive jÃ¡ no aguardo de um crossover #MasterChef e #FalhaDeCobertura, hein craque @DanielSFurlan",1
"Tentativa de fazer bolinho de arroz #masterchef #cozinha #masterchefbr em Rio Grande, Rio Grandeâ€¦ https://t.co/vWzy46nTno",1
"Deuzo livre , nada mal pra um final de domingo hahahaha #jÃ¡possocasar #masterchef kkkk https://t.co/K1zzSgrM0R",1
Minha maionese Ã© a melhor #MasterChef #RainhadaMaionese kkk,1
Acabei de assistir: S02E05 de MasterChef (BR)!  #masterchef  https://t.co/bW6VBlbA2m #tvtime https://t.co/2AMrTT3xXW,0
#MasterChef aqui manja kkk https://t.co/whFwWkT3p8,1
"Sou pra casar, fim!

Josh estou de ressaca e fiz isso. #MasterChef Ã© pros fracos https://t.co/Sl6o5DjfMf",-1
Gente que empolgaÃ§Ã£oooooooo #MasterChef,1
"VocÃªs me respeitem porque hoje eu aprendi a fazer coxinha!
#Partiu #MasterChef",1
"NÃ£o gosto de cozinhar, mas se tiver passando qualquer #masterchef pode contar que estou assistindo ğŸ˜…",1
"Resultado final omelete na sanduicheira, #omelete #masterchef #janta #gourmetâ€¦ https://t.co/tDYZyaeLMC",0
Omelete na sanduicheira! Isso sim Ã© MasterChef #masterchef #gourmet #masterchefbrasilâ€¦ https://t.co/vrQnF7zPAQ,1
"Estou sozinho em casa, fiz uma carne de patinho e macarrÃ£o, #masterchef eu estou chegando",1
"MacarrÃ£o Ã  bolonhesa de mortadela ğŸ˜‹

#masterchef @ RepÃºblica Popular Da Fronteira https://t.co/Hz7Uf8nTVC",1
replay no h&amp;h da final do masterchef ğŸ’™ğŸ’™ğŸ’™ğŸ’œğŸ’œğŸ’œğŸ”ğŸ”ğŸ”ğŸ”ğŸ” #MasterChefBR #MasterChef https://t.co/aRAhEc48Ox,0
Acabei de assistir: S02E04 de MasterChef (BR)!  #masterchef  https://t.co/U28HLMt5JP #tvtime https://t.co/RIxd6VQoUp,0
"AlmoÃ§o demais! Salada verde, chester e quito branco ralado! TÃ´ um #masterchef ğŸ˜ em America/Nassau https://t.co/4TUxH4Y4eq",1
"Case com alguÃ©m que saiba cozinhar, porque a beleza um dia acaba, a fome nÃ£o.
#masterchef 
#masterchefmaromba... https://t.co/mXnfwBijXe",1
Beijinho Fitâ¤â¤â¤ Bom D+++ #kiss #beijinho #beijinhofit #docefit #masterchef #euquefizâ€¦ https://t.co/v36RiaS0qC,0
AlmoÃ§o desse domingo berinjela ğŸ† frita com azeite e shoyou. #masterchef #almoco #domingoâ€¦ https://t.co/sZymD4ybwA,1
FINALIZADO S04E25 of MasterChef (BR)! #masterchef  https://t.co/65vQI25xug #tvtime https://t.co/g0dUwmjV3y,0
Isso se chama Daniela Reis.. Kkkkkkkk eu sei como ela Ã© quando tem comida. #masterchefâ€¦ https://t.co/1QQyzBFf0c,1
Pensa em uma comida gostosa meu Deus que isso vou participar do #MasterChef,1
"VocÃªs ficam falando aÃ­ de #MasterChef, aÃ­ o cara acaba achando que Ã© capaz de fazer algo bom e... FAZ! Rs ğŸ˜‹ https://t.co/bFUizYAUhT",-1
"TÃ´ me descobrindo uma #MasterChef das ""conservas"". Primeiro as #jams e agora #chutney. Td mto delÃ­cia! Em breve licâ€¦ https://t.co/YPShEvm7Bq",1
RT @igorchapata: TÃ¡ ficando bom. #ChefChapata #MasterChef #ChapataCozinheiro https://t.co/DJWEmQWjw1,1
"RT @ofuxico_oficial: Dona Benta?
#EmillyAraÃºjo vai para cozinha e dÃ¡ uma de #Masterchef: 'Emychef'
https://t.co/DhYHrFRONT",0
Acabei de assistir: S02E03 de MasterChef (BR)!  #masterchef  https://t.co/jY7ZtS3sGS #tvtime https://t.co/poQ27RjT8H,0
RT @igorchapata: TÃ¡ ficando bom. #ChefChapata #MasterChef #ChapataCozinheiro https://t.co/DJWEmQWjw1,1
TÃ¡ ficando bom. #ChefChapata #MasterChef #ChapataCozinheiro https://t.co/DJWEmQWjw1,1
NÃ£o pode ter final do #MasterChef e #GamesOfThrones na mesma semana nÃ£o. Eu sou cardÃ­aco.,-1
AlmoÃ§o #hipica #masterchef #tasteofsaopaulo https://t.co/GSn0CuBbCn,0
Hoje Ã© dia de maldade! #Masterchef #Churrasqueiro #DomingÃ£oEmFamilia https://t.co/bshmtYwBOK,0
ÃŠ DomingÃ£o! Nada melhor do que preparar aquele almoÃ§o delicioso pra famÃ­lia! O tempero aqui Ã© no pontoğŸ‘ŒğŸ½ rsrsâ€¦ https://t.co/PZO6KKISb5,1
"Pastel de feira mais garapa/caldo de cana... Isso Ã© melhor que qualquer comida do #MasterChef 
bjos!!",1
#Masterchef at Salgado's https://t.co/CrPPMv2phZ,0
"#Gordice 
#HamburguerRecheado ğŸ”
#EuQueFiz
#MasterChef
#HamburguerArtesanal
#MuitoQueijo â¤ em SÃ£oâ€¦ https://t.co/wlNe8XKe9p",0
"DENÃšNCIA: depois de torcer pra DÃ©bora na final do #MasterChef,minha mÃ£e agora manda eu abaixar o volume da Anita Baker! AlguÃ©m para ela pfvr",-1
"Cenas do #MasterChef em um certo outo paÃ­s...
com personagens de #anime fica engraÃ§ado tambÃ©m xD https://t.co/yLWj9cmUpG",0
FilÃ© ao molho mostarda do mozÃ£o &lt;3 #food #MasterChef @ Jd Bonfiglioli https://t.co/A9a49eWz23,0
"Quando a mÃ£e nÃ£o estÃ¡ em casa, a gente vira chefe de cozinha ğŸ‘€ğŸ˜‚ #MasterChef https://t.co/uCBnTbUY4b",1
O prato de hoje foi Farfalle Cremoso com BrÃ³colis e Frango!!! Uma delÃ­cia #MasterChefâ€¦ https://t.co/AERV8PmNUh,1
#MasterChef tÃ¡ tudo muito douradinho uma dlÃ§ ğŸ˜ https://t.co/BcwBzDD8Uw,1
Hoje foi dia de #MasterChef aqui em casa. Com nosso toque #MickeyMinnie #AlmoÃ§o #divandoâ€¦ https://t.co/YN41qifjRl,1
#BBQBrasil do #SBT tem um clone do chefe careca e roqueiro do #MasterChef da #Band Ps: Imita o da band na cara dura. #Bizarro,-1
RT @medeirosvoice: AniversÃ¡rio da Minha Obra De Arte Minimalista.#CupcakeHour #MasterChef #SolarEclipse2017 https://t.co/NOut7qnEUa,0
@brittomatt na cozinha ? Hum vem prato novo ! #masterchef,0
#BBQ kkkk gente esse jurado Ã© a versÃ£o genÃ©rica do fogaÃ§a do #masterchef,-1
Eu assisti S04E25 de MasterChef (BR)! #masterchef  https://t.co/p361LdTvIT #tvtime https://t.co/10ZVIb9cRL,0
"Essa temporada tava bem boba em #masterchef

Mas, agora com o top 10 ta ficando foda!",1
RT @dorrval_: Essa Ã© a minha amada @laurarochasss na tentativa de fazer um bolo KKKKKKKKKKKK #MasterChef https://t.co/9Oy24fSMXi,1
#MasterChef .. daqui alguns dias eu marco presenÃ§a nessa cozinha ğŸ‘ŠğŸ¼ https://t.co/xxRPJvRDlP,1
Que vontade louca de aprender cozinhar vÃ¡rios tipos de pratos depois desse #masterchef,1
"Valter e Taise, casal MasterChef ğŸ˜‹ğŸ˜‹ğŸ˜‹ #masterchef #empreendebrazil em Centrosul - Centro deâ€¦ https://t.co/hWbDMPYK6T",0
"AÃ­ vocÃª comenta algo, imaginando que serÃ¡ ignorado, mas a vencedora do #MasterChefBr 2017, @MChefMichele te respondâ€¦ https://t.co/BqMVZ2yWXM",1
@larisfck Isso Ã© muito #MasterChef,1
Acabei de assistir: S02E02 de MasterChef (BR)!  #masterchef  https://t.co/oU7iaSPU3r #tvtime https://t.co/R1K6CI2iE3,0
RT @LeandrinhoElias: Michelle jÃ¡ ganhou #MasterChef,1
RT @dorrval_: Essa Ã© a minha amada @laurarochasss na tentativa de fazer um bolo KKKKKKKKKKKK #MasterChef https://t.co/9Oy24fSMXi,1
RT @DaisyFernandesA: VitÃ³ria da competÃªncia com humildade..... PARABÃ‰NS MICHELE #GanhaMichele #MasterChefBR #masterchefbrasil #masterchef,1
Essa Ã© a minha amada @laurarochasss na tentativa de fazer um bolo KKKKKKKKKKKK #MasterChef https://t.co/9Oy24fSMXi,1
O smartphone da Michele vai tocar #MasterChef,0
"@masterchefbr #masterchef 

Michele parabÃ©ns ğŸ‘ğŸ‘ğŸ‘ğŸ‘â¤",0
"essa dÃ©bora aÃ­ tem mÃ³ cara de nojenta , se acha mto , #VAIMICHELLE #MasterChef",-1
#Masterchef BR vai Michele!!! Na torcida por vocÃª!! Mesmo com o problema na sobremesa vocÃª vai se sair melhor e levantar o trofÃ©u.,1
RT @Mateus28697320: #MasterChef todo cuzao nÃ£o sabe fazÃª programa e essa gorda que se exploda tipo balÃ£o Marcelo era pra ter ganhado,-1
#MasterChefBR esse lance de cÃ¢mera lenta sÃ³ pra dar + nervoso ğŸ˜¢ #MasterChef,-1
#MasterChefBR Aii viada para de babar a Deby. #MasterChef,-1
#MasterChef Michele quase virava a Elisa e isso no inÃ­cio da prova ainda.Pedindo pra abrir algo ğŸ˜• #MasterChefBR,-1
#MasterChefBR o FogaÃ§a vestindo assim...ai...ai...ai. #MasterChef,1
"#MasterChefBR ""Acho q muitas pessoas Ã± comem chuchu por achar q Ã± tem muita graÃ§a"".EntÃ£o... #MasterChef",-1
"Aaaaaaa #MasterChef estava torcendo pra DÃ©bora,a Michele ganhou porÃ©m foi bem merecido",1
@diogomainardi @Ricamconsult Gurmeet Singh _parece nome de alguma figura do #MasterChef..hehe!_ diz ter 60 milhÃµes de seguidores.,0
"#Gastronomia vale a pena trabalhar na Ã¡rea? https://t.co/jkouSZnVO6 #MasterChefBR, #MasterChef #culinÃ¡ria #cozinha, #cheflife #chefsfriends",0
"ğŸ˜‰ Iniciando os trabalhos do fds Bolo PÃ£o de Mel porque hj pode!!! ğŸ˜‹ 
#bakeoffbrasil  #masterchefâ€¦ https://t.co/n2gWH0hCfq",1
"VocÃª percebe que viciou em #MasterChef quando estÃ¡ acompanhando o dos EUA,MÃ©xico e ColÃ´mbia,alÃ©m do @masterchefbr .",1
". @AnaPaulaPadrÃ£o revela os bastidores do @MasterChefbr
#masterchef #masterchefbrâ€¦ https://t.co/2YaAtvBdnM https://t.co/NrzGZTGdmJ",1
". @AnaPaulaPadrÃ£o revela os bastidores do @MasterChefbr
#masterchef #masterchefbrâ€¦ https://t.co/Zai3LeOGi6 https://t.co/cna6KXDgFl",1
@MasterChef_es @SamySpain @JordiCruzMas @Pepe_elBohio @evagonzalezf Listos Chef @Pepe_elBohio @JordiCruzMasâ€¦ https://t.co/RRVK9Un8cQ,0
"Adam, u so adorbs. ğŸ˜­ #MasterChef https://t.co/Xt1qxbOBNY",0
Muito #MasterChef SIM!!! O quibebe saiu!!! https://t.co/0Gly1gYKRN,1
acabei de assistir S04E25 de MasterChef (BR)! #masterchef  https://t.co/SsViXtIyyA #tvtime https://t.co/HtwxBOazAc,0
AÃ­ vc acorda com a notÃ­cia de Valter e TaÃ­se namorando.. eita que esse #MasterChef rendeeeeeeu. ğŸ˜…ğŸ˜…ğŸ˜…,1
RT @mariali51658929: Queria tanto ter a calma da Michele!! #masterchef,1
"Queria declarar que vou virar cozinheiro, vou largar ADM e focar na culinÃ¡ria bjs #masterchef",1
"NÃ£o sou nenhum #MasterChef , mas Ã s vezes me admiro das minhas invenÃ§Ãµes.  #gordofazendogordice https://t.co/iQXkbijDjV",1
RT @ER1K_B: NÃ£o compre coco ralado no carrefour #MasterChefBR  #MasterChef,-1
"#MasterChef de estudante que mora sÃ³ Ã© inventar umas gororobas de madrugada com tudo que tem na geladeira. 
E fica bom, acredite se quiser.",1
RT @BrubssMoura: Comida da Michele tÃ¡ mais maravilhosa que ela #MasterChef,1
Que tal a janta de hoje?? Cogumelo recheado com queijos e espinafre! #usa #Masterchef #jantaâ€¦ https://t.co/LxrsSrgZ94,0
@masterchefbr sÃ³ eu quero um #masterchefjunior seria tÃ£o fofo as crianÃ§as cozinhando #masterchef #junior #bbs #euApoio,1
"Pique #MasterChef , papai deu aula hoje. ğŸ˜‹ğŸ˜ https://t.co/7HVWSyXUMS",1
"Meu pai fez a janta hoje, e lanÃ§ou frango frito com hambÃºrguer.. 
#MasterChef",1
MacarrÃ£o x-tudoğŸ´ğŸ #MasterChef https://t.co/6LbSSJIOsn,0
Comprei todos os ingredientes pra fazer a receita de geleia de maÃ§Ã£ com canela da minha ex-sogra. Simbora no espÃ­rito #masterchef,1
"Nunca entendo qdo vejo o povo questionando o resultado desse #Masterchef, pq Ã© um programa de culinÃ¡ria e pÃºblico nem tava lÃ¡ pra provar. ğŸ˜…",-1
Comi batata frita com tomperada com Sazon e molho de ketchup com maionese Hellmans #Masterchef #chefLaura,0
RT @leandro666: #masterchef toninho capeta apresentando tÃ¡ faltando muito sal,-1
RT @GuilSouza19: DÃ©bora e YUKO podem estar na nova ediÃ§Ã£o de #Afazenda9 espero que sim! #AFazenda #MasterChef https://t.co/4xhEmZ4MYA,0
O ruim de assistir o #MasterChef depois Ã© que jÃ¡ tomei meia dÃºzia de spoiler ğŸ˜¬,-1
"RT @raphaelralua_: Hoje tem final do Masterchef e eu tÃ´:
#MasterChefBR 
#MasterChef 
#TIMChef https://t.co/k73YcNJExn",1
Olha quem estÃ¡ famoso ptk_tenorio. Ã‰ isso aÃ­ bicho. Vida a vida de MasterChef #masterchefâ€¦ https://t.co/ARD7NkknRS,1
To assistindo a reprise de #Masterchef,0
#MasterChef semifinal pegou fogo mesmo.... Michele e Valter sÃ£o fodas,1
"RT @geledes: Michele Crispim Ã© a grande vencedora do â€˜MasterChef Brasil 2017â€™ https://t.co/mN29klIt7e 
#geledes #masterchef https://t.co/x3â€¦",0
DÃ©bora e YUKO podem estar na nova ediÃ§Ã£o de #Afazenda9 espero que sim! #AFazenda #MasterChef https://t.co/4xhEmZ4MYA,1
@MChefMichele MINHA TORCIDA FOI TODA SUA!!! S2 #MasterChefBR #MasterChef @masterchefbr @MChefMichele https://t.co/W22MM9qpNJ,0
#Eita! #Participantes do #Masterchef #Brasil #assumem #namoro nas #redes #sociais https://t.co/IVUXyW6if4 #cultura,0
#MasterChefBR nossa!a Isabel q foi campeÃ£ em uma das ediÃ§Ãµes... tÃ¡ tÃ£o diferente .SÃ³ Ã± vou assistir todo porq o Walter sai ğŸ˜¨ #MasterChef,1
As 11 participantes mais lindas que jÃ¡ passaram pelo Masterchef https://t.co/OMcBhv5EXa #Mulheres #gatas #masterchef @adalbertoadm,1
"RT @flabarbieri: Com '#Masterchef', #publicidade em #programasculinÃ¡rios cresce 17% - https://t.co/rry99kqUHs #GoogleAlerts",0
Hj fui visitar meu IrmÃ£o @joaolsouzaa #MasterChef nÃ­velâ€¦ https://t.co/JQZSfEwnBd,0
Acabei de assistir o S04E25 de MasterChef (BR)! #masterchef  https://t.co/kO0TqTTDGW #tvtime https://t.co/NEec9azhwO,0
TÃ´ chocada que o Valter e a Taise assumiram namoro! #MasterChef,-1
Brincando de #masterchef ...Rs.... Torta de frango e requeijÃ£o com milho....hum.... em Em Casa https://t.co/CFn3DX7Sib,0
"RT @ofuxico_oficial: ApÃ³s #Masterchef, #Valter anuncia namoro com sua colega #Taise
https://t.co/Ntl4XuIWhm",1
"ApÃ³s #Masterchef, #Valter anuncia namoro com sua colega #Taise
https://t.co/M3TyQLtXXc https://t.co/0iJeCmDA1H",1
"RT @ofuxico_oficial: ApÃ³s #Masterchef, #Valter anuncia namoro com sua colega #Taise
https://t.co/Ntl4XuIWhm",1
"ApÃ³s #Masterchef, #Valter anuncia namoro com sua colega #Taise
https://t.co/Ntl4XuIWhm",1
"#MasterChef 2017: Michele Crispim vence, mas Ã© acusada de copiar receita
https://t.co/IxMJ7SSzn7

#QuintaDetremuraSdv
#MasterChefBR",-1
"#MasterChef 2017: Michele Crispim vence, mas Ã© acusada de copiar receita
https://t.co/ROXqpgaAzg

#QuintaDetremuraSdv
#MasterChefBR",-1
"#MasterChef 2017: Michele Crispim vence, mas Ã© acusada de copiar receita
https://t.co/O0GOyO4kQ7

#QuintaDetremuraSdv
#MasterChefBR",-1
"#MasterChef 2017: Michele Crispim vence, mas Ã© acusada de copiar receita
https://t.co/hlZVh8mA6I

#QuintaDetremuraSdv
#MasterChefBR",-1
Acabei de assistir: S04E25 of MasterChef (BR)! #masterchef  https://t.co/w5m8HndaXp #tvtime https://t.co/Z7hz80RwfF,0
Nada como apreciar uma boa culinÃ¡ria! #xap #chapeco #flightattendant #cabincrew #masterchefâ€¦ https://t.co/hZ8SV7aAbs,1
RT @Estreloska: ah meu RT @perrart hoje o #masterchef sou eu ğŸ˜Šâ¤ï¸ https://t.co/2jkTOubq3Q,0
"RT @em_com: Vencedora do #MasterChef 'confessa que se inspirou em prato de chef
https://t.co/6NR0i6lwWt https://t.co/6quc1NL1J0",1
"Vencedora do #MasterChef 'confessa que se inspirou em prato de chef
https://t.co/l9BvErUP5m https://t.co/MM792dk63w",1
"Vencedora do #MasterChef 'confessa que se inspirou em prato de chef
https://t.co/rYAePMl991 https://t.co/lGoVik00JK",1
"Vencedora do #MasterChef 'confessa que se inspirou em prato de chef
https://t.co/6NR0i6lwWt https://t.co/6quc1NL1J0",1
RT @Wallcyuri: E apenas coinscidencia ou inspiraÃ§Ã£o? #MasterChef #DonaHerminia @PaolaCarosella @PauloGustavo31 https://t.co/LCeMdBSoLB,0
RT @em_com: Michele Ã© acusada por chef de plagiar receita na final do #MasterChef https://t.co/33Kw7tICKp https://t.co/AI5wsS7NG2,-1
"Mudei o toque do meu despertador e coloquei a voz da Ana Paula PadrÃ£o.

""Gente falta 5 min""
#MasterChef
ğŸ˜‚ğŸ˜‚ğŸ˜‚ğŸ˜‚ğŸ˜‚",1
@diva_oficial Divos em que lugar da platÃ©ia do #MasterChef vocÃªs estavam? Assisti o programa e nÃ£o consegui localizÃ¡-los!!!#DivaResponde,0
"Fico feliz em ter uma fraÃ§Ã£o de participaÃ§Ã£o nisso atravÃ©s do meu trabalho.
Sucesso sempre!!!
#masterchef... https://t.co/d0ghRZTYOL",1
RT @CarolGalliChef: @masterchefbr Ameiiiii os prÃªmios!!! E estou aqui na final do #Masterchef #masterchefbr https://t.co/76ehcaVxA1,1
Acabei de ver #ForaTemer #DiretasJÃ¡ #AÃ©cioNaCadeia S04E24 de MasterChef (BR)! #masterchef   https://t.co/B3cCeFbf2Bâ€¦ https://t.co/Ek8jcDd72n,0
Mongolian Beef!Receitinha do P.F. Changs feita pelo titio aqui! #mongolianbeef #asiaticfood #chinese #homemadeâ€¦ https://t.co/5j0JrjBZlC,0
"#MasterChef 2017': Michele Crispim vence, mas Ã© acusada de copiar receita
https://t.co/O0GOyO4kQ7 â€¦

#QuintaDetremuraSdv
#MasterChefBR",-1
"#MasterChef 2017': Michele Crispim vence, mas Ã© acusada de copiar receita
https://t.co/ROXqpgaAzg â€¦

#QuintaDetremuraSdv
#MasterChefBR",-1
"#MasterChef 2017': Michele Crispim vence, mas Ã© acusada de copiar receita
https://t.co/IxMJ7SSzn7 â€¦

#QuintaDetremuraSdv
#MasterChefBR",-1
"#MasterChef 2017': Michele Crispim vence, mas Ã© acusada de copiar receita
https://t.co/hlZVh8mA6I

#QuintaDetremuraSdv
#MasterChefBR",-1
Vencedora do #MasterChef jÃ¡ foi passista e desfilou na #Portela. Confira o samba no pÃ© de #MicheleCrispim! https://t.co/Pj4S31KqKH,0
RT @ER1K_B: NÃ£o compre coco ralado no carrefour #MasterChefBR  #MasterChef,-1
"A Band estÃ¡ torcendo a toalha #Masterchef atÃ© as Ãºltimas gotas, hein...",-1
Ã© impressÃ£o minha ou todo dia Ã© final do #MasterChef gente???que inferno,-1
Michele Ã© acusada por chef de plagiar receita na final do #MasterChef https://t.co/GSrRN9zuO4 https://t.co/naPUgYK1ke,-1
Michele Ã© acusada por chef de plagiar receita na final do #MasterChef https://t.co/Rx1SYimlfj https://t.co/NNkp76C5es,-1
Michele Ã© acusada por chef de plagiar receita na final do #MasterChef https://t.co/33Kw7tICKp https://t.co/AI5wsS7NG2,-1
Quando vc nÃ£o Ã© #masterchef mas se vira na #batataFrita ğŸ˜ğŸ˜‚ #MuserChefe #Musically #curte #segue . https://t.co/imA0JcEjPc,1
Divos em que lugar da platÃ©ia do #MasterChef vocÃªs estavam? Assisti o programa e nÃ£o consegui localizÃ¡-los!!!#DivaResponde @diva_oficial,0
O negÃ³cio Ã© vegano pra dar e vender #Vegan #foodtravelchat #MasterChef #vegano #Italia https://t.co/6r6Z6inRIQ,1
#DeborahWerneck pelada #MasterChef  nua https://t.co/PiPZtzU30c,0
assisti todos os eps do #Masterchef e perdi a final Ã´ #coelba amada,-1
"Em ptbr batata cozida no molho branco com bacon, milho e cebola kkkkk sÃ³ pra falar que eu tbm estudei na Cordon Bleu em Paris #masterchef kk",1
RT @_atrindadee: ai vai se fude o Roger Ã© muito lindo mano #MasterChef,1
"#feizoadacomliguisa 
#MasterChef 
#jantar
#ogulhudeselitlemonster 
#laidygagadiva 
#gaga 
#picadoelefante 

Oi amorâ€¦ https://t.co/XRAw6EjnNB",0
"RT @Ycaro_Matheus_: Jacquin imitando a pose da codorna ğŸ˜‚ğŸ˜‚ğŸ˜‚
Meu chef preferido, sem mais! #MasterChefBR #MasterChef https://t.co/QiLX8p6Is5",1
Acabei de assistir S04E25 de MasterChef (BR)! #masterchef  https://t.co/OMYpOPJMny #tvtime https://t.co/aQ46Ky8DEK,0
"Melhor do que a Deborah nÃ£o ganhar o #MasterChef ontem, sÃ³ o Botafogo perdendo hoje kkkÄ·kkk.
Finalista, acima de tudo rubro negro!",-1
@Miltonneves @Miltonneves vai dar palpite no #MasterChef porque de futebol vc estÃ¡ uma negaÃ§Ã£o. ğŸ˜‚ğŸ˜‚ğŸ˜‚,-1
Disputa de pÃªnaltis consegue ser mais emocionante que os minutos finais das provas do #MasterChef,-1
"Melhor Master Chef que VocÃª respeita....
#masterchef #masterchefpit #masterchefbrasil https://t.co/hHDkCooyxP",1
De chacota nacional a estrela: o que podemos aprender com a volta por cima de Ana Paula PadrÃ£o? https://t.co/e4Qbe4vD7t #masterchef,1
Final do MasterChef deixa a Band na lideranÃ§a https://t.co/9cqi0I1t6v #masterchefbrasil #MasterChef https://t.co/qeiIzUvtzi,1
Gostei que a @MChefMichele ganhou o #MasterChef 2017 xD,1
Consegui temperar um frango pela primeira vez #MasterChef,1
"vendo a treta da cÃ³pia da sobremesa de Michelle no #MasterChef: a galera nÃ£o discute, xinga quem discorda de vocÃª ğŸ‘€",-1
"RT @Artes_Depressao: VocÃª quer?
#ArtesDepressÃ£o #MasterChefBR #MasterChef
(Beije-me e vocÃª beijarÃ¡ as MoÃ§as - Lilly Martin Spencer) https:/â€¦",0
Hora do #MasterChef com @picoca! Melhor hora do dia!,1
SÃ³ queria mais uma temporada de MastwrChef logo :( #MasterChef,1
#MasterChef ontem foi muito bom!!!,1
RT @ExecutivaMundo: Leva esse trofÃ©u Michele! Pelo amoooor! #MasterChefeBr #MasterChef https://t.co/YZpE2yVECY,1
Acabei de assistir S04E25 of MasterChef (BR) #masterchef  https://t.co/NwL6DhmBIw #tvtime https://t.co/pvoV06tJc5,0
ah meu RT @perrart hoje o #masterchef sou eu ğŸ˜Šâ¤ï¸ https://t.co/2jkTOubq3Q,0
Gabriel is a delicate angel. #MasterChef,0
Super preparada pro #MasterChef Profissional https://t.co/lbCGOMsRd7,1
#MasterChef  o babaca do FogaÃ§a pra defender a carica disse que gosta de vire quase crua!,-1
Go Gabriel! #MasterChef,
#MasterChef  melhor pessoa â¤ï¸ https://t.co/rQNqPD7Ui7,1
"RT @geledes: Michele Crispim Ã© a grande vencedora do â€˜MasterChef Brasil 2017â€™ https://t.co/mN29klIt7e 
#geledes #masterchef https://t.co/x3â€¦",1
MacarrÃ£o integral com molho de camarÃ£o e salmÃ£o assado no limÃ£o siciliano. #masterchef #ituâ€¦ https://t.co/zgfiQV0RNa,0
"Queria entender uma coisa, prato autoral n Ã© um de sua criaÃ§Ã£o? algo de errado n estÃ¡ certo! 
#MasterChef https://t.co/ESj7XNoupN",-1
PrÃ© jogo do MengÃ£o! #RisotoDeFrango #MasterChef #NadaPraFazer ğŸ‘Œ https://t.co/QHMQfUX6d7,0
